model,model_label,i,j,pair_mode,embedding_distance,usr_conformational_distance
confseq,ConfSeq,1477,250,common_random,1.29715895652771,18.783061041273065
confseq,ConfSeq,1718,1348,common_random,0.2425533235073089,1.8290707187601012
confseq,ConfSeq,1546,1381,common_random,0.409260481595993,1.4633487279721058
confseq,ConfSeq,890,27,common_random,1.4275949001312256,15.451989388755278
confseq,ConfSeq,1604,1479,common_random,0.77984619140625,4.80035768158822
confseq,ConfSeq,316,290,common_random,0.693740725517273,2.125459636928161
confseq,ConfSeq,1310,666,common_random,1.0053908824920654,6.865389545651963
confseq,ConfSeq,1448,1819,common_random,0.7796725630760193,3.4970959039629794
confseq,ConfSeq,1179,598,common_random,1.3330382108688354,16.12844461102779
confseq,ConfSeq,472,1714,common_random,1.0599204301834106,2.758776367212864
confseq,ConfSeq,264,1448,common_random,1.0590518712997437,14.709999660913471
confseq,ConfSeq,666,391,common_random,0.50022953748703,4.012669107167072
confseq,ConfSeq,303,483,common_random,0.460918128490448,5.952817842623443
confseq,ConfSeq,1184,1297,common_random,0.4513812065124511,1.2457814201759725
confseq,ConfSeq,1718,1403,common_random,0.4797245562076568,2.038931407619758
confseq,ConfSeq,1731,137,common_random,1.07056987285614,27.569158064221444
confseq,ConfSeq,1848,1752,common_random,0.7918280363082886,1.6313943981407404
confseq,ConfSeq,491,1695,common_random,1.151604413986206,17.723670332123078
confseq,ConfSeq,171,119,common_random,1.1395788192749023,13.257302452630524
confseq,ConfSeq,465,1131,common_random,0.9862225651741028,9.35984561557314
confseq,ConfSeq,11,1731,common_random,1.1544989347457886,20.50547464781678
confseq,ConfSeq,1482,1616,common_random,0.6838443279266357,3.5016759531651576
confseq,ConfSeq,776,1404,common_random,1.0331822633743286,9.575387692560616
confseq,ConfSeq,1325,46,common_random,0.9966882467269896,18.73606331443188
confseq,ConfSeq,539,51,common_random,0.54160475730896,1.1980746276243084
confseq,ConfSeq,1810,443,common_random,1.4637458324432373,22.170514063396524
confseq,ConfSeq,1987,1140,common_random,0.9773072600364684,18.287215970144896
confseq,ConfSeq,967,682,common_random,1.3962379693984983,22.164767110199936
confseq,ConfSeq,1669,1641,common_random,0.4584501683712005,2.38749780336292
confseq,ConfSeq,1803,1063,common_random,0.5196726322174072,1.5740800887490207
confseq,ConfSeq,328,1055,common_random,1.0019527673721311,13.320857163282328
confseq,ConfSeq,1447,1040,common_random,0.6775757074356079,2.5626690280551965
confseq,ConfSeq,736,1327,common_random,1.1165353059768677,30.442874351614744
confseq,ConfSeq,180,1131,common_random,0.899765133857727,11.888467850035026
confseq,ConfSeq,1986,1945,common_random,0.5488806962966919,6.547075036639117
confseq,ConfSeq,1719,1591,common_random,0.6194887757301331,1.641218225934506
confseq,ConfSeq,649,156,common_random,0.3061966300010681,9.34514452911458
confseq,ConfSeq,630,706,common_random,0.4464888572692871,2.5891947455082245
confseq,ConfSeq,866,1938,common_random,0.916205644607544,9.119568249374488
confseq,ConfSeq,171,665,common_random,0.7718814015388489,8.90120823999752
confseq,ConfSeq,1671,229,common_random,0.778331995010376,9.509212243353518
confseq,ConfSeq,1740,1739,common_random,0.3470338881015777,1.3029357524302456
confseq,ConfSeq,1305,1654,common_random,0.4064013957977295,2.0672584354069694
confseq,ConfSeq,1681,1557,common_random,0.9108758568763732,11.74745416833352
confseq,ConfSeq,692,1856,common_random,0.649887204170227,15.268667767830284
confseq,ConfSeq,96,1167,common_random,1.1528010368347168,9.814358092707543
confseq,ConfSeq,1184,399,common_random,1.1207152605056765,26.308110410075397
confseq,ConfSeq,1042,452,common_random,1.0220330953598022,36.05548889712871
confseq,ConfSeq,1056,536,common_random,1.2009714841842651,24.55745790390377
confseq,ConfSeq,1786,1828,common_random,0.4889645576477051,1.5944529785568975
confseq,ConfSeq,1048,1231,common_random,0.9903445243835448,3.6336521138762814
confseq,ConfSeq,574,946,common_random,1.1391433477401731,6.7997684970261405
confseq,ConfSeq,166,966,common_random,1.6276050806045532,31.76644261370308
confseq,ConfSeq,412,1234,common_random,1.102556824684143,13.738861622211596
confseq,ConfSeq,1945,582,common_random,0.5687850713729858,17.264913913858912
confseq,ConfSeq,972,1503,common_random,0.8030943870544434,2.554369770271761
confseq,ConfSeq,167,1470,common_random,1.1740970611572266,14.801375019541933
confseq,ConfSeq,1403,473,common_random,1.2522220611572266,19.37490448151132
confseq,ConfSeq,1214,636,common_random,1.0744881629943848,3.561486578672518
confseq,ConfSeq,1107,671,common_random,1.175598382949829,20.115012345531504
confseq,ConfSeq,303,2022,common_random,0.9372371435165404,17.881167443151934
confseq,ConfSeq,1445,1383,common_random,0.6785192489624023,2.645761326022041
confseq,ConfSeq,1752,287,common_random,0.9594737887382508,10.611681586008372
confseq,ConfSeq,1133,1753,common_random,0.4593730568885803,2.852185288892455
confseq,ConfSeq,631,274,common_random,0.5308772325515747,6.269340796243935
confseq,ConfSeq,1532,859,common_random,0.7884126901626587,2.549405005976593
confseq,ConfSeq,867,473,common_random,1.1501553058624268,18.92275007329164
confseq,ConfSeq,1055,1841,common_random,0.7748347520828247,1.4395133272878635
confseq,ConfSeq,1480,1077,common_random,0.7199450135231018,4.542955860351287
confseq,ConfSeq,1459,1208,common_random,0.7901883721351624,2.559830790498048
confseq,ConfSeq,411,166,common_random,0.2477483004331588,5.877144042279207
confseq,ConfSeq,522,1130,common_random,0.8141354918479919,9.74143903634162
confseq,ConfSeq,1137,1030,common_random,0.5047180652618408,2.4359998605295066
confseq,ConfSeq,890,1210,common_random,0.3577989637851715,1.683371337965105
confseq,ConfSeq,242,1456,common_random,1.1572402715682983,14.938237982817158
confseq,ConfSeq,1152,331,common_random,1.0227066278457642,5.893945415547126
confseq,ConfSeq,181,1080,common_random,1.0104669332504272,23.93558240729756
confseq,ConfSeq,1081,1965,common_random,0.6710336804389954,8.53375531585217
confseq,ConfSeq,280,1619,common_random,0.8891541361808777,6.9092706441627145
confseq,ConfSeq,1562,2019,common_random,1.358422040939331,22.50823432766336
confseq,ConfSeq,1454,1689,common_random,0.9263019561767578,6.0299326980026215
confseq,ConfSeq,1796,500,common_random,1.0354396104812622,8.877684696392297
confseq,ConfSeq,959,872,common_random,0.4118807315826416,0.9011181618769476
confseq,ConfSeq,1909,418,common_random,0.785729706287384,8.586526922769965
confseq,ConfSeq,903,472,common_random,0.8509717583656311,2.891127594313426
confseq,ConfSeq,488,167,common_random,0.4784900844097137,6.457787768392933
confseq,ConfSeq,174,1848,common_random,1.44979727268219,26.920820017633577
confseq,ConfSeq,1637,1141,common_random,0.7628849744796753,3.7132168456796446
confseq,ConfSeq,669,1634,common_random,0.882918119430542,10.41960537993772
confseq,ConfSeq,703,1645,common_random,1.171536564826965,25.144239660206217
confseq,ConfSeq,1826,440,common_random,1.4774739742279053,31.02939601751246
confseq,ConfSeq,1745,1379,common_random,0.5750726461410522,2.495946582030648
confseq,ConfSeq,1141,607,common_random,0.8432132005691528,11.768915019248391
confseq,ConfSeq,1851,649,common_random,1.396275520324707,24.93917229747369
confseq,ConfSeq,1324,72,common_random,0.9612133502960204,17.3424218112296
confseq,ConfSeq,1414,1328,common_random,0.5069110989570618,1.784899893668834
confseq,ConfSeq,360,1309,common_random,1.2817047834396362,14.629485500698983
confseq,ConfSeq,678,1032,common_random,0.9771887063980104,6.883891605583052
confseq,ConfSeq,1693,364,common_random,0.6734055280685425,2.5498767260954622
confseq,ConfSeq,1135,950,common_random,1.0923696756362915,4.3576814569385975
confseq,ConfSeq,940,879,common_random,0.5885506868362427,3.153739980444617
confseq,ConfSeq,1464,917,common_random,0.9854974746704102,4.2255790564130296
confseq,ConfSeq,1829,1051,common_random,0.5291306972503662,1.687161644107879
confseq,ConfSeq,2019,940,common_random,1.5245914459228516,21.00163555633537
confseq,ConfSeq,1582,582,common_random,1.1756266355514526,25.970371482733107
confseq,ConfSeq,1142,77,common_random,1.0642153024673462,15.62706574587583
confseq,ConfSeq,18,229,common_random,0.9381445646286012,11.796949510759193
confseq,ConfSeq,126,1427,common_random,1.1307634115219116,25.45286680296508
confseq,ConfSeq,972,1776,common_random,0.926548182964325,5.164205758117487
confseq,ConfSeq,906,1600,common_random,0.8198676109313965,2.2973127716079644
confseq,ConfSeq,408,1283,common_random,0.7046997547149658,3.0452033988907816
confseq,ConfSeq,1836,1502,common_random,0.9533441066741944,2.798532207220872
confseq,ConfSeq,692,1283,common_random,0.9781222343444824,22.741440261676512
confseq,ConfSeq,1305,1480,common_random,0.6271106004714966,0.79716097128377
confseq,ConfSeq,30,982,common_random,1.2619709968566897,10.845423640685723
confseq,ConfSeq,852,1670,common_random,0.7248550653457642,2.511631513065748
confseq,ConfSeq,1663,1234,common_random,0.5666143894195557,2.539627623348312
confseq,ConfSeq,622,973,common_random,0.9277426600456238,6.333805506209669
confseq,ConfSeq,1827,595,common_random,1.2540453672409058,14.035852699570972
confseq,ConfSeq,1204,1438,common_random,0.5789070725440979,4.124974372740546
confseq,ConfSeq,251,980,common_random,0.9718888401985168,2.287225466600618
confseq,ConfSeq,669,581,common_random,0.5263354778289795,2.955003571562086
confseq,ConfSeq,2021,1213,common_random,1.3513569831848145,16.444449968187378
confseq,ConfSeq,399,1839,common_random,1.421951413154602,28.921872009125263
confseq,ConfSeq,166,428,common_random,0.5861904621124268,23.548231322208096
confseq,ConfSeq,1215,1398,common_random,0.4564824104309082,2.3515236189139275
confseq,ConfSeq,1120,596,common_random,1.0252130031585691,9.01997210828828
confseq,ConfSeq,1044,1842,common_random,0.6623657941818237,1.6846613489956843
confseq,ConfSeq,553,1067,common_random,0.9272663593292236,16.348641547711647
confseq,ConfSeq,1261,1099,common_random,0.3311149775981903,2.1208219849105947
confseq,ConfSeq,1410,1843,common_random,0.4058376550674438,1.4403744322195542
confseq,ConfSeq,1593,1325,common_random,0.9469650387763976,6.969757660903927
confseq,ConfSeq,1588,1753,common_random,0.5223248600959778,3.447806810072813
confseq,ConfSeq,684,1740,common_random,1.1364649534225464,27.48957910692395
confseq,ConfSeq,1477,848,common_random,0.7412058711051941,1.7959758536262769
confseq,ConfSeq,604,229,common_random,0.8940284848213196,10.327037874197746
confseq,ConfSeq,267,1242,common_random,0.9712587594985962,4.947212102682308
confseq,ConfSeq,1664,1669,common_random,0.5202815532684326,2.3333556386405445
confseq,ConfSeq,47,394,common_random,0.6793295741081238,15.261318201824064
confseq,ConfSeq,973,1826,common_random,0.8893884420394897,2.3650177861594104
confseq,ConfSeq,823,295,common_random,0.8351394534111023,6.020428161377539
confseq,ConfSeq,46,1598,common_random,0.4735754728317261,10.975404574916178
confseq,ConfSeq,1044,1568,common_random,0.3982630968093872,2.053223436673369
confseq,ConfSeq,1084,1484,common_random,0.9965234398841858,3.106799597105471
confseq,ConfSeq,274,1135,common_random,1.1813992261886597,12.64677632531992
confseq,ConfSeq,1611,1556,common_random,0.3303368389606476,1.8817690192063252
confseq,ConfSeq,1099,1149,common_random,0.3711274862289428,3.319057111670249
confseq,ConfSeq,1578,1457,common_random,0.7421601414680481,1.243466124343195
confseq,ConfSeq,274,1567,common_random,0.9629738330841064,16.196170087595274
confseq,ConfSeq,1243,1452,common_random,0.5502222180366516,4.781066024859599
confseq,ConfSeq,585,1193,common_random,1.2409238815307615,23.5269645225112
confseq,ConfSeq,1113,1604,common_random,0.4074178636074066,3.917205358815488
confseq,ConfSeq,1089,1759,common_random,0.4817291796207428,4.733063659582804
confseq,ConfSeq,128,666,common_random,0.5473568439483643,2.282064339621517
confseq,ConfSeq,64,418,common_random,0.3779025673866272,5.396036829183376
confseq,ConfSeq,393,447,common_random,0.4646087288856506,4.251289846147632
confseq,ConfSeq,1229,641,common_random,1.5754512548446655,21.71347323843691
confseq,ConfSeq,1207,1058,common_random,0.9649738669395448,4.126226833025116
confseq,ConfSeq,1302,418,common_random,0.9107246994972228,14.520001997880785
confseq,ConfSeq,99,1741,common_random,0.9540954828262328,2.816505011995948
confseq,ConfSeq,1586,1705,common_random,0.522979736328125,5.069881692190828
confseq,ConfSeq,950,345,common_random,1.4655650854110718,24.539017010677007
confseq,ConfSeq,1148,1181,common_random,0.6861737966537476,4.747037457730506
confseq,ConfSeq,1310,1718,common_random,0.5461416840553284,1.5015479050747655
confseq,ConfSeq,958,701,common_random,1.217960238456726,7.104283768725172
confseq,ConfSeq,1121,1481,common_random,0.6278490424156189,1.7229455671841258
confseq,ConfSeq,308,1297,common_random,0.9396894574165344,2.095097903644427
confseq,ConfSeq,1038,1864,common_random,1.056577444076538,5.947963941818404
confseq,ConfSeq,1665,250,common_random,1.2095036506652832,21.03357061380508
confseq,ConfSeq,1397,1603,common_random,0.7084278464317322,4.5709018484950175
confseq,ConfSeq,1620,501,common_random,0.97787207365036,14.037055890545004
confseq,ConfSeq,251,1666,common_random,0.8463062644004822,1.7933784897569822
confseq,ConfSeq,1769,2122,common_random,0.4870428740978241,4.539899236202992
confseq,ConfSeq,678,1184,common_random,1.0423790216445925,5.8545985940276815
confseq,ConfSeq,1816,357,common_random,1.2114479541778564,19.22355493025599
confseq,ConfSeq,1718,1687,common_random,0.3546863496303558,2.329970746385161
confseq,ConfSeq,1720,912,common_random,0.6371292471885681,4.964247627768321
confseq,ConfSeq,1584,379,common_random,1.084629774093628,22.539517063794516
confseq,ConfSeq,536,1788,common_random,1.3284416198730469,21.267899917977733
confseq,ConfSeq,943,527,common_random,1.027687907218933,8.353442100390103
confseq,ConfSeq,1061,1558,common_random,0.4393898248672485,2.457703545927204
confseq,ConfSeq,590,43,common_random,0.9663405418395996,11.553150710774418
confseq,ConfSeq,1179,1185,common_random,0.7248436212539673,1.645541183162079
confseq,ConfSeq,923,1630,common_random,0.5168176889419556,2.535287607683633
confseq,ConfSeq,1436,543,common_random,1.1918190717697144,18.48136629506691
confseq,ConfSeq,1417,278,common_random,0.8733325004577637,9.271211673321991
confseq,ConfSeq,1427,150,common_random,0.8632640838623047,3.738897773073404
confseq,ConfSeq,1852,237,common_random,1.37051522731781,27.44454712623823
confseq,ConfSeq,1301,1620,common_random,0.54841548204422,3.572738940481468
confseq,ConfSeq,916,1473,common_random,1.035561442375183,1.971612912883312
confseq,ConfSeq,829,1292,common_random,0.6892337203025818,1.777834685230257
confseq,ConfSeq,292,883,common_random,1.322363257408142,13.235207445500407
confseq,ConfSeq,525,1882,common_random,0.6722426414489746,3.7615823760130542
confseq,ConfSeq,635,571,common_random,0.6472153067588806,3.8690062273845167
confseq,ConfSeq,1217,1128,common_random,0.833434522151947,1.876002945117971
confseq,ConfSeq,1852,819,common_random,0.8552013039588928,3.883152793660599
confseq,ConfSeq,1752,1127,common_random,0.4166197478771209,1.4452868977511877
confseq,ConfSeq,1572,1603,common_random,0.6388912200927734,4.764428706484336
confseq,ConfSeq,525,19,common_random,0.7802785038948059,3.413498923228768
confseq,ConfSeq,1813,1469,common_random,0.7422918677330017,1.1837317731672554
confseq,ConfSeq,383,1471,common_random,0.9024856090545654,1.9802708341537223
confseq,ConfSeq,536,1651,common_random,1.116572022438049,24.889185194169485
confseq,ConfSeq,1562,1057,common_random,0.4521375894546509,2.007142470076112
confseq,ConfSeq,30,150,common_random,0.4956855475902557,4.750340253191715
confseq,ConfSeq,387,1297,common_random,0.8956030607223511,8.820361373074363
confseq,ConfSeq,422,1541,common_random,0.7884572148323059,10.283519601350068
confseq,ConfSeq,269,1239,common_random,1.484794020652771,22.169600970854432
confseq,ConfSeq,380,1776,common_random,0.98274165391922,2.4312276328559026
confseq,ConfSeq,1980,1882,common_random,0.8446325063705444,6.39545367084879
confseq,ConfSeq,894,1080,common_random,0.8254579305648804,2.9712166454752875
confseq,ConfSeq,1290,1317,common_random,0.6418123245239258,0.866735288245919
confseq,ConfSeq,1986,1211,common_random,1.3210608959197998,14.8362655565279
confseq,ConfSeq,877,1111,common_random,0.5732263922691345,2.679506391321094
confseq,ConfSeq,1165,1581,common_random,0.7494658827781677,6.619715890481251
confseq,ConfSeq,802,1103,common_random,0.9885651469230652,4.963892925176502
confseq,ConfSeq,1663,590,common_random,1.1929675340652466,5.821045740820808
confseq,ConfSeq,1174,1080,common_random,0.4858278930187225,4.03260827303325
confseq,ConfSeq,1030,1608,common_random,0.516365110874176,6.391208846975082
confseq,ConfSeq,1416,321,common_random,1.246041774749756,12.226213865180434
confseq,ConfSeq,1454,220,common_random,1.1423873901367188,6.811338520406546
confseq,ConfSeq,1631,1820,common_random,0.7770819067955017,2.33568928447156
confseq,ConfSeq,1164,1488,common_random,0.8473854064941406,6.830934428205703
confseq,ConfSeq,916,682,common_random,1.1745001077651978,18.42816685154067
confseq,ConfSeq,1306,819,common_random,0.7683215141296387,2.0628811521567108
confseq,ConfSeq,665,77,common_random,0.6906777024269104,4.263672869860413
confseq,ConfSeq,1326,1164,common_random,0.4671801030635834,4.764245806414214
confseq,ConfSeq,943,425,common_random,1.1415785551071167,15.712539517010006
confseq,ConfSeq,1719,891,common_random,0.7530169486999512,2.365076987890599
confseq,ConfSeq,215,1664,common_random,1.161702036857605,5.978532449363028
confseq,ConfSeq,1216,1032,common_random,0.3932600319385528,2.32955921151013
confseq,ConfSeq,521,1175,common_random,1.0672913789749146,17.06864968022172
confseq,ConfSeq,1485,954,common_random,0.8620815873146057,4.017578155177418
confseq,ConfSeq,1306,1081,common_random,0.5175610184669495,3.344661127374027
confseq,ConfSeq,1150,1931,common_random,0.8007200360298157,9.987710133536956
confseq,ConfSeq,1221,265,common_random,1.1441431045532229,5.848147505890321
confseq,ConfSeq,1043,1049,common_random,0.4562373459339142,2.789918398459858
confseq,ConfSeq,943,1214,common_random,0.6501719355583191,1.0830041808745012
confseq,ConfSeq,265,1502,common_random,1.0728107690811155,4.746612100271755
confseq,ConfSeq,1738,1146,common_random,0.5678406953811646,1.8110837312651544
confseq,ConfSeq,1152,1493,common_random,0.91837340593338,2.2963275958351583
confseq,ConfSeq,1481,1599,common_random,0.630108654499054,2.606423558068579
confseq,ConfSeq,1296,662,common_random,0.6944270730018616,9.379011814339256
confseq,ConfSeq,622,1146,common_random,1.0418285131454468,7.872584547757839
confseq,ConfSeq,1403,1298,common_random,0.486002653837204,1.9909905090185545
confseq,ConfSeq,1575,759,common_random,1.1950453519821167,24.682118713514992
confseq,ConfSeq,1698,1653,common_random,0.512768566608429,7.084437980081049
confseq,ConfSeq,1806,1980,common_random,1.1334775686264038,12.986363381398542
confseq,ConfSeq,1170,233,common_random,1.0372886657714844,4.253521042681595
confseq,ConfSeq,1823,1747,common_random,0.4275908470153808,2.0910483161869937
confseq,ConfSeq,1445,596,common_random,0.8805769681930542,6.287593587757398
confseq,ConfSeq,886,1621,common_random,0.4887849390506744,3.594783765893523
confseq,ConfSeq,1719,269,common_random,1.0527876615524292,20.227137598341127
confseq,ConfSeq,1741,1592,common_random,0.8569595813751221,5.904092363774215
confseq,ConfSeq,1841,1470,common_random,0.8837154507637024,2.421944123023074
confseq,ConfSeq,47,1040,common_random,1.0356227159500122,19.055765623333507
confseq,ConfSeq,585,607,common_random,0.7692254781723022,13.950595062446036
confseq,ConfSeq,633,882,common_random,1.2032936811447144,15.87141027093839
confseq,ConfSeq,344,2011,common_random,0.9980723261833192,15.168099169547077
confseq,ConfSeq,641,284,common_random,0.906368851661682,12.958273301425944
confseq,ConfSeq,641,1482,common_random,1.2970482110977173,19.133437574374863
confseq,ConfSeq,1254,491,common_random,0.984281361103058,17.477154544594082
confseq,ConfSeq,866,1130,common_random,0.4329544603824615,1.6590560364180875
confseq,ConfSeq,1137,1044,common_random,0.5035580396652222,2.804551146184631
confseq,ConfSeq,975,1330,common_random,0.6732081770896912,1.6660481494231705
confseq,ConfSeq,525,297,common_random,0.8544715642929077,8.62474159667726
confseq,ConfSeq,1797,1103,common_random,0.7606032490730286,1.3311756930349397
confseq,ConfSeq,607,1711,common_random,0.708527147769928,9.959790279633944
confseq,ConfSeq,960,1454,common_random,0.9690181016921996,1.2900703268076754
confseq,ConfSeq,2000,1579,common_random,0.9287996888160706,5.002899014870665
confseq,ConfSeq,448,54,common_random,0.6144159436225891,3.4238404989999816
confseq,ConfSeq,1641,508,common_random,1.0399802923202517,15.999259940099495
confseq,ConfSeq,1636,225,common_random,0.953569233417511,9.075411009749974
confseq,ConfSeq,1111,1469,common_random,0.666475236415863,1.5747400455366023
confseq,ConfSeq,200,1254,common_random,0.926538586616516,2.3063808161855537
confseq,ConfSeq,1195,1392,common_random,0.5814803242683411,3.1424663498994687
confseq,ConfSeq,1753,1776,common_random,0.713486909866333,4.895429022915589
confseq,ConfSeq,571,1542,common_random,0.8285629153251648,10.039366646379472
confseq,ConfSeq,1398,832,common_random,0.5301021933555603,7.079985023912434
confseq,ConfSeq,143,235,common_random,0.713087260723114,11.464285138369302
confseq,ConfSeq,1046,1061,common_random,0.4458557963371277,2.75447596623554
confseq,ConfSeq,441,556,common_random,0.853262722492218,13.260891481937795
confseq,ConfSeq,1491,1760,common_random,0.6742372512817383,2.276142741119665
confseq,ConfSeq,1612,1615,common_random,0.4071190357208252,2.3038280868632546
confseq,ConfSeq,1237,1719,common_random,0.8411924839019775,2.554929182954764
confseq,ConfSeq,480,229,common_random,1.066097378730774,2.858613130197737
confseq,ConfSeq,274,1035,common_random,0.9346060752868652,14.938554810686773
confseq,ConfSeq,1786,572,common_random,0.9621244072914124,10.503096546791262
confseq,ConfSeq,1061,1813,common_random,0.4435393214225769,1.373532520777704
confseq,ConfSeq,281,1676,common_random,0.8926858305931091,10.0750673326484
confseq,ConfSeq,1710,184,common_random,1.0166802406311035,21.54979377825445
confseq,ConfSeq,1156,449,common_random,1.432008981704712,24.848709853153192
confseq,ConfSeq,1130,936,common_random,0.9560344219207764,1.920116201604612
confseq,ConfSeq,679,309,common_random,0.9878211617469788,12.714335597279527
confseq,ConfSeq,2019,918,common_random,1.4957263469696045,18.30875387056067
confseq,ConfSeq,527,746,common_random,0.5156047940254211,14.53416034580001
confseq,ConfSeq,525,1450,common_random,0.9574683904647828,9.368200066432957
confseq,ConfSeq,433,1314,common_random,1.177579045295715,27.9315938826559
confseq,ConfSeq,1299,1752,common_random,0.6747313737869263,3.724234276578812
confseq,ConfSeq,433,1495,common_random,1.4452557563781738,28.75058423123308
confseq,ConfSeq,1146,1631,common_random,0.6566048860549927,1.154902889834685
confseq,ConfSeq,671,1395,common_random,1.181033492088318,18.523473587111923
confseq,ConfSeq,1840,1481,common_random,0.8622904419898987,1.2447798818842744
confseq,ConfSeq,3,1532,common_random,1.0097343921661377,32.5776355366373
confseq,ConfSeq,1725,1583,common_random,0.6066291332244873,1.9605400523266885
confseq,ConfSeq,1491,558,common_random,0.981268048286438,7.074207155306816
confseq,ConfSeq,1187,994,common_random,0.8397373557090759,2.2820344460624624
confseq,ConfSeq,47,131,common_random,0.5916450023651123,8.514073109353165
confseq,ConfSeq,1640,1203,common_random,0.6169863343238831,1.4479124331230304
confseq,ConfSeq,544,1060,common_random,0.7553708553314209,11.018937403394808
confseq,ConfSeq,968,1231,common_random,0.4499840140342712,1.83060006306022
confseq,ConfSeq,1583,1307,common_random,0.565676748752594,2.4185370264184445
confseq,ConfSeq,1460,1592,common_random,1.0270915031433103,6.630560588004624
confseq,ConfSeq,543,186,common_random,0.594212532043457,17.22541577718041
confseq,ConfSeq,863,1825,common_random,0.7850828766822815,2.5680251472446387
confseq,ConfSeq,1785,180,common_random,0.7737748026847839,9.851789243350243
confseq,ConfSeq,134,452,common_random,1.1031285524368286,25.012149516998715
confseq,ConfSeq,1303,1469,common_random,0.8179638385772705,1.7309628387358826
confseq,ConfSeq,1210,887,common_random,0.8520943522453308,1.6337188180848727
confseq,ConfSeq,1058,322,common_random,1.118685960769653,3.4052897269421987
confseq,ConfSeq,265,558,common_random,0.7021191716194153,1.8353534098993864
confseq,ConfSeq,1210,181,common_random,1.4319850206375122,29.39554859802026
confseq,ConfSeq,1046,1168,common_random,0.6955820918083191,1.7366070003779848
confseq,ConfSeq,1617,290,common_random,0.9156213998794556,8.177318888778077
confseq,ConfSeq,1476,1836,common_random,0.8231505155563354,1.9334473110077368
confseq,ConfSeq,430,153,common_random,0.5685895085334778,11.297284491046996
confseq,ConfSeq,1822,553,common_random,1.1001384258270264,17.74275438229842
confseq,ConfSeq,1718,1033,common_random,0.2833353877067566,1.669386664555162
confseq,ConfSeq,1152,1632,common_random,0.4238635897636413,2.179854726356304
confseq,ConfSeq,2000,170,common_random,0.968673288822174,3.3937174366562424
confseq,ConfSeq,430,72,common_random,0.9113713502883912,4.983127946785833
confseq,ConfSeq,1488,393,common_random,1.0899786949157717,12.246267294265156
confseq,ConfSeq,1209,1618,common_random,0.8362306952476501,4.385636787715819
confseq,ConfSeq,43,1676,common_random,1.0108590126037598,15.529928088564168
confseq,ConfSeq,36,1055,common_random,1.1924536228179932,27.14752211690889
confseq,ConfSeq,1612,1806,common_random,0.7921311855316162,2.6620574505021923
confseq,ConfSeq,1317,1502,common_random,0.7492468953132629,2.594953841210301
confseq,ConfSeq,150,1464,common_random,1.2219669818878174,7.679504500254247
confseq,ConfSeq,1497,1846,common_random,0.7016205191612244,0.8287195411535312
confseq,ConfSeq,1629,421,common_random,0.9129095673561096,4.914696717645675
confseq,ConfSeq,1039,530,common_random,1.2422677278518677,24.009656492215136
confseq,ConfSeq,1258,1392,common_random,0.5967115759849548,5.68429113068649
confseq,ConfSeq,479,1615,common_random,1.0696769952774048,19.4662785848586
confseq,ConfSeq,557,138,common_random,0.6500074863433838,17.402923311540498
confseq,ConfSeq,1348,684,common_random,1.0866268873214722,25.73859300329805
confseq,ConfSeq,1328,134,common_random,0.9404751062393188,11.454449451147388
confseq,ConfSeq,1160,364,common_random,0.5941152572631836,1.400824134320536
confseq,ConfSeq,422,1726,common_random,1.024253487586975,14.364839104737614
confseq,ConfSeq,917,542,common_random,1.2148802280426023,11.230404400893883
confseq,ConfSeq,177,1312,common_random,0.9711766242980956,5.255483291709891
confseq,ConfSeq,1469,1641,common_random,0.6847156882286072,1.1579892987592464
confseq,ConfSeq,1738,712,common_random,1.187422752380371,23.80849391793856
confseq,ConfSeq,1413,545,common_random,1.1643322706222534,29.115699308920437
confseq,ConfSeq,428,1309,common_random,1.0410969257354736,7.15861181760947
confseq,ConfSeq,307,1835,common_random,0.9981873631477356,14.158582174529416
confseq,ConfSeq,1616,1464,common_random,0.8952834010124207,4.800196839147267
confseq,ConfSeq,1740,248,common_random,1.0616083145141602,6.934232662135611
confseq,ConfSeq,134,1642,common_random,0.9871326684951782,12.58354658931158
confseq,ConfSeq,448,1478,common_random,1.087782382965088,13.324757559460323
confseq,ConfSeq,1384,1046,common_random,0.3952357470989227,1.4444454449330797
confseq,ConfSeq,903,1532,common_random,0.4916972517967224,4.849876190720793
confseq,ConfSeq,1903,1397,common_random,1.0710217952728271,5.361237915713459
confseq,ConfSeq,590,667,common_random,0.9764739274978638,2.865599718282439
confseq,ConfSeq,1407,452,common_random,1.3131498098373413,37.85156366190847
confseq,ConfSeq,1742,1741,common_random,0.2812745869159698,1.286606371826942
confseq,ConfSeq,490,469,common_random,0.97023344039917,12.31841379549934
confseq,ConfSeq,116,1198,common_random,1.3955379724502563,30.5347896812484
confseq,ConfSeq,1421,963,common_random,1.0779238939285278,8.994995890202846
confseq,ConfSeq,220,1448,common_random,0.910137951374054,4.7461693586214375
confseq,ConfSeq,895,400,common_random,0.9721425771713256,6.299867359092017
confseq,ConfSeq,1326,1810,common_random,0.7928379774093628,1.29015943688436
confseq,ConfSeq,950,393,common_random,1.1744647026062012,10.62421624874177
confseq,ConfSeq,233,1225,common_random,0.9138978123664856,10.433593161709716
confseq,ConfSeq,1341,1048,common_random,0.7124336361885071,2.269181691299889
confseq,ConfSeq,352,1108,common_random,1.0351595878601074,20.49741211459841
confseq,ConfSeq,545,890,common_random,1.4758539199829102,29.64109789491673
confseq,ConfSeq,1497,1629,common_random,0.8267350196838379,1.9144436520425527
confseq,ConfSeq,982,322,common_random,1.1321263313293457,2.12205170326674
confseq,ConfSeq,1221,963,common_random,0.7768444418907166,0.817535425730167
confseq,ConfSeq,1686,1199,common_random,0.6804974675178528,3.152530223936542
confseq,ConfSeq,1144,433,common_random,1.1232844591140747,24.89042211256967
confseq,ConfSeq,1716,539,common_random,1.205254316329956,19.019517435833325
confseq,ConfSeq,1703,1052,common_random,0.5071476697921753,4.918858265561482
confseq,ConfSeq,39,213,common_random,0.8201676607131958,7.390327340676216
confseq,ConfSeq,1730,534,common_random,0.8456157445907593,12.894967888956346
confseq,ConfSeq,129,585,common_random,0.4993382096290588,6.370612392821822
confseq,ConfSeq,308,1291,common_random,0.88812255859375,4.592667748807589
confseq,ConfSeq,1446,676,common_random,1.2916638851165771,21.764907872546495
confseq,ConfSeq,1996,1306,common_random,1.2509310245513916,26.091327348367336
confseq,ConfSeq,111,678,common_random,0.7644919157028198,14.851566157790376
confseq,ConfSeq,923,564,common_random,1.059866189956665,13.591745289316586
confseq,ConfSeq,1482,1562,common_random,0.5860266089439392,2.5873697453574143
confseq,ConfSeq,1546,1614,common_random,0.403365284204483,1.0239213423369815
confseq,ConfSeq,237,306,common_random,0.8750849366188049,18.581250761349096
confseq,ConfSeq,833,1489,common_random,0.8699191212654114,4.378096139069974
confseq,ConfSeq,496,1469,common_random,1.3266313076019287,20.422915150576088
confseq,ConfSeq,1111,1827,common_random,0.907336950302124,2.490930794671212
confseq,ConfSeq,1542,558,common_random,0.9240914583206176,5.814023770986004
confseq,ConfSeq,1739,1396,common_random,0.5458765625953674,3.688316651769043
confseq,ConfSeq,1545,1785,common_random,0.4005965888500213,0.8545813367537184
confseq,ConfSeq,820,1188,common_random,0.2987020909786224,2.399748839289097
confseq,ConfSeq,1896,1157,common_random,0.5548398494720459,3.710828561146895
confseq,ConfSeq,1160,832,common_random,0.9420514106750488,2.786334158704812
confseq,ConfSeq,448,1398,common_random,1.1380668878555298,14.61613820904936
confseq,ConfSeq,1840,1642,common_random,0.9137628078460692,1.4686540987451184
confseq,ConfSeq,140,1231,common_random,1.3174505233764648,12.681559127029384
confseq,ConfSeq,1119,72,common_random,0.9391948580741882,14.704746121566464
confseq,ConfSeq,1695,1304,common_random,0.6716110706329346,4.0998947505190255
confseq,ConfSeq,1658,1590,common_random,0.8100634217262268,3.105582466591872
confseq,ConfSeq,498,1140,common_random,1.1125714778900146,6.074950936376116
confseq,ConfSeq,298,981,common_random,1.493240237236023,23.758740354098684
confseq,ConfSeq,574,128,common_random,0.6752958297729492,1.4333877555033925
confseq,ConfSeq,363,1645,common_random,0.7874501347541809,9.682446486212536
confseq,ConfSeq,1636,1400,common_random,0.5820060968399048,1.723851645033684
confseq,ConfSeq,452,556,common_random,0.6737262606620789,27.738241625544088
confseq,ConfSeq,1258,47,common_random,0.7698845863342285,12.884439515397789
confseq,ConfSeq,893,387,common_random,1.1549890041351318,10.458343448320246
confseq,ConfSeq,1090,536,common_random,1.0286340713500977,20.88450206706384
confseq,ConfSeq,234,399,common_random,0.8915505409240723,26.461725363745963
confseq,ConfSeq,671,1318,common_random,1.222760796546936,19.49460032738091
confseq,ConfSeq,926,1208,common_random,0.4364254176616668,1.9151714451385515
confseq,ConfSeq,1175,1229,common_random,0.9874579906463624,3.9116900223094033
confseq,ConfSeq,1833,281,common_random,1.0674717426300049,12.065627728988629
confseq,ConfSeq,1718,1170,common_random,0.6898972988128662,3.154523742679212
confseq,ConfSeq,1476,1138,common_random,0.5333231687545776,1.0752928748887332
confseq,ConfSeq,849,346,common_random,1.320742130279541,16.880797550948614
confseq,ConfSeq,1090,1502,common_random,0.7526490688323975,4.3167690665842855
confseq,ConfSeq,970,1734,common_random,1.1284801959991455,1.4954525124983191
confseq,ConfSeq,1828,1441,common_random,0.7531031370162964,3.706942641856032
confseq,ConfSeq,546,115,common_random,0.9727795720100404,44.61601725427438
confseq,ConfSeq,1033,1393,common_random,0.4083321988582611,2.192459872005204
confseq,ConfSeq,877,910,common_random,0.7325078248977661,5.986184019079189
confseq,ConfSeq,1718,527,common_random,0.8798853754997253,6.947460868312483
confseq,ConfSeq,1212,649,common_random,1.3659956455230713,24.653182967516088
confseq,ConfSeq,3,1839,common_random,1.3121870756149292,34.55369088219878
confseq,ConfSeq,663,0,common_random,0.5280815958976746,2.1924102435104538
confseq,ConfSeq,632,679,common_random,0.7060009837150574,15.33915778603507
confseq,ConfSeq,1573,544,common_random,0.7876837253570557,10.61057908558704
confseq,ConfSeq,1054,390,common_random,0.8914201259613037,8.240222487191767
confseq,ConfSeq,1047,545,common_random,1.0652868747711182,26.782715421063937
confseq,ConfSeq,1714,1315,common_random,0.665414035320282,5.098825262142729
confseq,ConfSeq,1057,654,common_random,1.1780182123184204,18.68219182682215
confseq,ConfSeq,1788,472,common_random,1.0695250034332275,2.870135072509856
confseq,ConfSeq,1184,1447,common_random,0.6992175579071045,1.2817000833248051
confseq,ConfSeq,1319,907,common_random,1.1200445890426636,1.976534479447278
confseq,ConfSeq,893,2000,common_random,1.2930209636688232,6.714861845550398
confseq,ConfSeq,1601,1158,common_random,0.7611038684844971,5.97139259258334
confseq,ConfSeq,404,1614,common_random,0.7513443231582642,10.60073933192096
confseq,ConfSeq,251,331,common_random,0.7682710886001587,6.457708269726468
confseq,ConfSeq,678,1454,common_random,1.0653059482574463,7.401408040379064
confseq,ConfSeq,1931,944,common_random,0.9350029230117798,7.50634612320624
confseq,ConfSeq,1421,1227,common_random,1.3271881341934204,10.612556868799809
confseq,ConfSeq,1618,175,common_random,1.1969002485275269,25.764202859696997
confseq,ConfSeq,1841,271,common_random,1.1757985353469849,2.8355862880962284
confseq,ConfSeq,874,1764,common_random,0.3851848244667053,2.985055242071981
confseq,ConfSeq,1696,678,common_random,1.0429567098617554,4.627810514732197
confseq,ConfSeq,1647,712,common_random,1.3243428468704224,21.253728067143708
confseq,ConfSeq,1110,498,common_random,1.0485384464263916,4.012666570690202
confseq,ConfSeq,1793,1495,common_random,0.8269882798194885,4.817083353013265
confseq,ConfSeq,1986,152,common_random,0.5915864109992981,3.821813776420642
confseq,ConfSeq,1603,150,common_random,0.6752517223358154,4.653382192381349
confseq,ConfSeq,1719,1392,common_random,0.4946317970752716,1.955487356980383
confseq,ConfSeq,206,746,common_random,0.6027013063430786,15.29816617906658
confseq,ConfSeq,1208,249,common_random,1.5170912742614746,29.26479166606249
confseq,ConfSeq,1118,308,common_random,0.8528745770454407,3.835370320561255
confseq,ConfSeq,1480,1787,common_random,0.815098226070404,2.7070453292530705
confseq,ConfSeq,1581,1723,common_random,0.7245989441871643,3.3001105577504006
confseq,ConfSeq,1587,1632,common_random,0.3639635741710663,2.3767951177254907
confseq,ConfSeq,540,1631,common_random,0.8125597238540649,14.792478929867196
confseq,ConfSeq,383,1035,common_random,0.8361877799034119,1.429477938590622
confseq,ConfSeq,532,287,common_random,0.8355063199996948,18.511119218964613
confseq,ConfSeq,860,1898,common_random,1.2227109670639038,9.153318156809195
confseq,ConfSeq,1124,357,common_random,0.9029744863510132,17.822171931224126
confseq,ConfSeq,1608,883,common_random,0.853503406047821,6.869401672544639
confseq,ConfSeq,1732,331,common_random,1.039536476135254,5.032515741472406
confseq,ConfSeq,254,1579,common_random,0.9803028106689452,13.627649596737346
confseq,ConfSeq,2015,1722,common_random,1.3423441648483276,21.408883698634398
confseq,ConfSeq,1573,1675,common_random,0.5611277222633362,1.0576026595640386
confseq,ConfSeq,933,355,common_random,0.9573345184326172,12.258444767932923
confseq,ConfSeq,1758,271,common_random,0.835962176322937,4.041391533838249
confseq,ConfSeq,1238,490,common_random,1.2941486835479736,15.513447821435044
confseq,ConfSeq,444,1690,common_random,0.7664620280265808,2.7765256515155867
confseq,ConfSeq,1111,1810,common_random,0.7614545822143555,1.1382201230333855
confseq,ConfSeq,426,1416,common_random,0.9646519422531128,2.8596046230012413
confseq,ConfSeq,953,47,common_random,0.9893811345100404,17.888385341585384
confseq,ConfSeq,1020,1048,common_random,0.6791031360626221,1.3868784752099317
confseq,ConfSeq,671,259,common_random,0.912074625492096,15.32197524263156
confseq,ConfSeq,1864,1215,common_random,0.8908491730690002,8.699615851587689
confseq,ConfSeq,1702,483,common_random,0.8845339417457581,5.819470177981522
confseq,ConfSeq,1402,1563,common_random,0.3233898878097534,1.8206780712024029
confseq,ConfSeq,1754,1615,common_random,0.6861584782600403,5.03725880667372
confseq,ConfSeq,1468,1841,common_random,0.8671291470527649,2.04146748376977
confseq,ConfSeq,600,1229,common_random,1.2232674360275269,14.36712493536381
confseq,ConfSeq,1610,394,common_random,0.8313172459602356,1.8391846288520977
confseq,ConfSeq,274,1733,common_random,0.90870463848114,14.393923111435774
confseq,ConfSeq,849,295,common_random,1.046373724937439,11.337884248415593
confseq,ConfSeq,1841,1241,common_random,1.096375823020935,2.3765810943420176
confseq,ConfSeq,1862,559,common_random,0.7150695323944092,8.61346367368716
confseq,ConfSeq,308,322,common_random,0.4583802819252014,2.4812113927404944
confseq,ConfSeq,676,1655,common_random,1.184841871261597,22.78238963535521
confseq,ConfSeq,1639,1493,common_random,1.015254259109497,2.751752055540285
confseq,ConfSeq,893,1786,common_random,0.3680956065654754,1.7372720008698928
confseq,ConfSeq,367,1454,common_random,1.2180813550949097,4.079655834443033
confseq,ConfSeq,1130,39,common_random,0.9302797913551332,9.46332889751008
confseq,ConfSeq,1958,565,common_random,0.5455623865127563,1.223642197547005
confseq,ConfSeq,1056,679,common_random,1.239139199256897,18.724914303469674
confseq,ConfSeq,524,1736,common_random,1.2779159545898438,17.98799412679981
confseq,ConfSeq,1563,1081,common_random,0.5265671610832214,6.070161555601704
confseq,ConfSeq,502,1179,common_random,1.054223656654358,6.274081355585792
confseq,ConfSeq,558,956,common_random,1.0407198667526243,7.419350762463663
confseq,ConfSeq,1398,482,common_random,1.1496412754058838,16.419344503998516
confseq,ConfSeq,1126,1846,common_random,0.8453914523124695,1.9758036749491448
confseq,ConfSeq,1039,40,common_random,1.3121086359024048,19.89508764278968
confseq,ConfSeq,692,908,common_random,1.247540831565857,16.574775478022836
confseq,ConfSeq,1728,1409,common_random,0.2768893837928772,1.990034687881159
confseq,ConfSeq,1965,1413,common_random,0.8494762778282166,13.44294517463291
confseq,ConfSeq,1078,1849,common_random,0.8142672181129456,5.872989411921116
confseq,ConfSeq,1081,294,common_random,0.7824026346206665,8.106772992900629
confseq,ConfSeq,1416,873,common_random,0.9891043305397034,1.7360210202374764
confseq,ConfSeq,1620,1138,common_random,0.5313506126403809,3.206629800749956
confseq,ConfSeq,1847,281,common_random,1.0673469305038452,11.75732198437143
confseq,ConfSeq,1185,1802,common_random,0.5568625330924988,2.152011169787895
confseq,ConfSeq,1817,1128,common_random,0.7927060127258301,1.5442957768384926
confseq,ConfSeq,1056,1900,common_random,1.0180814266204834,7.527079516471844
confseq,ConfSeq,1682,883,common_random,1.2355526685714722,14.28512190201283
confseq,ConfSeq,1484,959,common_random,0.8550710678100586,1.0864915821183223
confseq,ConfSeq,979,665,common_random,1.3370271921157837,19.79174248566537
confseq,ConfSeq,109,1156,common_random,1.2187641859054563,45.82775099412916
confseq,ConfSeq,415,1909,common_random,0.7763165831565857,11.021143198489334
confseq,ConfSeq,1633,364,common_random,0.7293890118598938,5.833319227602586
confseq,ConfSeq,348,1797,common_random,1.150201439857483,12.201608828371024
confseq,ConfSeq,1849,943,common_random,0.74623703956604,1.3139042523088766
confseq,ConfSeq,1909,1852,common_random,1.1044590473175049,6.109283370598422
confseq,ConfSeq,1829,1553,common_random,0.731130063533783,1.246212806108582
confseq,ConfSeq,1823,1835,common_random,0.3099061846733093,2.2219696986864435
confseq,ConfSeq,318,1620,common_random,0.8509382009506226,10.944891896642588
confseq,ConfSeq,617,703,common_random,0.6770769357681274,13.60979209817299
confseq,ConfSeq,1583,1786,common_random,0.6569982767105103,2.2353868268429418
confseq,ConfSeq,1188,1764,common_random,0.9554922580718994,2.705850888253826
confseq,ConfSeq,1108,1916,common_random,0.807900071144104,7.41372618997733
confseq,ConfSeq,1902,1487,common_random,1.187712550163269,6.887160346201365
confseq,ConfSeq,1239,490,common_random,1.3605668544769287,15.73893631077788
confseq,ConfSeq,387,298,common_random,0.7637844681739807,15.936532031403065
confseq,ConfSeq,1835,1261,common_random,0.4422328174114227,2.7011112601344776
confseq,ConfSeq,1314,1846,common_random,0.8385844826698303,1.4101599189061846
confseq,ConfSeq,1052,1599,common_random,0.5083153247833252,3.116586406995724
confseq,ConfSeq,201,780,common_random,0.5531432628631592,2.434264051554599
confseq,ConfSeq,1827,1787,common_random,0.4417308568954468,4.253372982950528
confseq,ConfSeq,937,1502,common_random,0.841569185256958,2.783029357387784
confseq,ConfSeq,486,1463,common_random,1.3979564905166626,23.26292511630806
confseq,ConfSeq,1556,134,common_random,0.9719336032867432,10.941066102028568
confseq,ConfSeq,503,201,common_random,0.4274855256080627,6.154577957119449
confseq,ConfSeq,957,1201,common_random,0.5063381195068359,2.0475396459339743
confseq,ConfSeq,1229,1472,common_random,0.866759181022644,4.27727642145378
confseq,ConfSeq,422,1047,common_random,1.00853431224823,10.74601998352697
confseq,ConfSeq,276,1703,common_random,0.8002936840057373,10.965897374407524
confseq,ConfSeq,936,1468,common_random,0.8871634602546692,2.1377871389744434
confseq,ConfSeq,1496,1608,common_random,0.5331732630729675,6.950353446734859
confseq,ConfSeq,1819,1743,common_random,0.8094577789306641,2.716870603858791
confseq,ConfSeq,1133,1618,common_random,0.6261975169181824,2.7354308612305824
confseq,ConfSeq,1850,1702,common_random,0.8234438896179199,3.6984769486996
confseq,ConfSeq,475,1585,common_random,0.8330202698707581,13.03846936421625
confseq,ConfSeq,113,109,common_random,0.7401381731033325,33.18744231669875
confseq,ConfSeq,1945,1663,common_random,1.0694825649261477,8.571306857387844
confseq,ConfSeq,1035,1307,common_random,0.4593459665775299,1.1713428788239573
confseq,ConfSeq,1211,1170,common_random,0.3818497657775879,4.859323462116594
confseq,ConfSeq,498,1631,common_random,0.9953944683074952,6.025749975647687
confseq,ConfSeq,1057,1624,common_random,0.5140565633773804,2.110767071137112
confseq,ConfSeq,267,47,common_random,0.8607074022293091,12.308053710155564
confseq,ConfSeq,96,671,common_random,0.5585639476776123,7.247958124583981
confseq,ConfSeq,926,415,common_random,1.1235313415527344,15.02047915535309
confseq,ConfSeq,875,1750,common_random,0.4942969083786011,2.862769600846782
confseq,ConfSeq,1239,1049,common_random,0.8130152821540833,2.5005449891900158
confseq,ConfSeq,215,1743,common_random,1.1163716316223145,4.632237389999031
confseq,ConfSeq,641,503,common_random,0.550187349319458,2.4803640411982166
confseq,ConfSeq,1185,1406,common_random,0.7024338841438293,2.9399423567573577
confseq,ConfSeq,1687,119,common_random,0.920901656150818,11.538268346188849
confseq,ConfSeq,875,1210,common_random,0.8345439434051514,1.7277427736970674
confseq,ConfSeq,635,1188,common_random,1.0445467233657837,5.0838491721084536
confseq,ConfSeq,1047,129,common_random,1.0575594902038574,16.439984113687334
confseq,ConfSeq,1183,1625,common_random,0.5523639917373657,2.157458789751193
confseq,ConfSeq,1113,1323,common_random,0.4734257459640503,1.7070673373385945
confseq,ConfSeq,1472,1802,common_random,0.4748049080371856,1.4666942855478275
confseq,ConfSeq,1810,1743,common_random,0.7734006643295288,3.634616800901437
confseq,ConfSeq,1585,508,common_random,1.0895553827285769,16.437567175046095
confseq,ConfSeq,1153,1588,common_random,0.3298202157020569,1.4469513282895758
confseq,ConfSeq,872,72,common_random,1.108449101448059,15.473689402933514
confseq,ConfSeq,1657,1230,common_random,1.0208406448364258,4.834764570541717
confseq,ConfSeq,1722,1242,common_random,0.7331258058547974,1.6703889898914428
confseq,ConfSeq,1892,1195,common_random,0.7960919141769409,6.661083457839487
confseq,ConfSeq,1703,1348,common_random,0.4336080849170685,3.284258232357351
confseq,ConfSeq,46,1739,common_random,0.990902543067932,18.255219240209048
confseq,ConfSeq,1468,427,common_random,0.8826156258583069,8.690285344693635
confseq,ConfSeq,1330,292,common_random,1.1211546659469604,13.027179215258473
confseq,ConfSeq,1582,1818,common_random,0.7324067950248718,1.8871538465313928
confseq,ConfSeq,1232,1602,common_random,0.805427074432373,3.610324252734645
confseq,ConfSeq,1187,1902,common_random,1.1459722518920898,3.913596904113037
confseq,ConfSeq,1442,848,common_random,0.567513644695282,1.336687606438444
confseq,ConfSeq,553,1048,common_random,1.1274194717407229,15.633806000641597
confseq,ConfSeq,328,1042,common_random,0.9358052015304564,12.83022351298559
confseq,ConfSeq,1575,449,common_random,1.2560878992080688,23.69387195840572
fcfp,FCFP,1477,250,common_random,7.348469257354736,18.783061041273065
fcfp,FCFP,1718,1348,common_random,3.872983455657959,1.8290707187601012
fcfp,FCFP,1546,1381,common_random,3.0,1.4633487279721058
fcfp,FCFP,890,27,common_random,5.291502475738525,15.451989388755278
fcfp,FCFP,1604,1479,common_random,4.0,4.80035768158822
fcfp,FCFP,316,290,common_random,5.196152210235596,2.125459636928161
fcfp,FCFP,1310,666,common_random,6.78233003616333,6.865389545651963
fcfp,FCFP,1448,1819,common_random,5.291502475738525,3.4970959039629794
fcfp,FCFP,1179,598,common_random,6.633249759674072,16.12844461102779
fcfp,FCFP,472,1714,common_random,7.6157732009887695,2.758776367212864
fcfp,FCFP,264,1448,common_random,6.0,14.709999660913471
fcfp,FCFP,666,391,common_random,3.0,4.012669107167072
fcfp,FCFP,303,483,common_random,4.123105525970459,5.952817842623443
fcfp,FCFP,1184,1297,common_random,5.196152210235596,1.2457814201759725
fcfp,FCFP,1718,1403,common_random,4.242640495300293,2.038931407619758
fcfp,FCFP,1731,137,common_random,6.633249759674072,27.569158064221444
fcfp,FCFP,1848,1752,common_random,5.4772257804870605,1.6313943981407404
fcfp,FCFP,491,1695,common_random,6.7082037925720215,17.723670332123078
fcfp,FCFP,171,119,common_random,4.4721360206604,13.257302452630524
fcfp,FCFP,465,1131,common_random,7.071067810058594,9.35984561557314
fcfp,FCFP,11,1731,common_random,6.164413928985596,20.50547464781678
fcfp,FCFP,1482,1616,common_random,3.1622776985168457,3.5016759531651576
fcfp,FCFP,776,1404,common_random,5.4772257804870605,9.575387692560616
fcfp,FCFP,1325,46,common_random,5.916079998016357,18.73606331443188
fcfp,FCFP,539,51,common_random,4.0,1.1980746276243084
fcfp,FCFP,1810,443,common_random,6.480740547180176,22.170514063396524
fcfp,FCFP,1987,1140,common_random,6.0,18.287215970144896
fcfp,FCFP,967,682,common_random,6.4031243324279785,22.164767110199936
fcfp,FCFP,1669,1641,common_random,2.6457512378692627,2.38749780336292
fcfp,FCFP,1803,1063,common_random,5.099019527435303,1.5740800887490207
fcfp,FCFP,328,1055,common_random,6.855654716491699,13.320857163282328
fcfp,FCFP,1447,1040,common_random,4.4721360206604,2.5626690280551965
fcfp,FCFP,736,1327,common_random,5.916079998016357,30.442874351614744
fcfp,FCFP,180,1131,common_random,7.211102485656738,11.888467850035026
fcfp,FCFP,1986,1945,common_random,3.464101552963257,6.547075036639117
fcfp,FCFP,1719,1591,common_random,4.690415859222412,1.641218225934506
fcfp,FCFP,649,156,common_random,1.4142135381698608,9.34514452911458
fcfp,FCFP,630,706,common_random,3.1622776985168457,2.5891947455082245
fcfp,FCFP,866,1938,common_random,6.244997978210449,9.119568249374488
fcfp,FCFP,171,665,common_random,4.0,8.90120823999752
fcfp,FCFP,1671,229,common_random,7.348469257354736,9.509212243353518
fcfp,FCFP,1740,1739,common_random,2.2360680103302,1.3029357524302456
fcfp,FCFP,1305,1654,common_random,3.741657495498657,2.0672584354069694
fcfp,FCFP,1681,1557,common_random,4.690415859222412,11.74745416833352
fcfp,FCFP,692,1856,common_random,5.656854152679443,15.268667767830284
fcfp,FCFP,96,1167,common_random,5.830951690673828,9.814358092707543
fcfp,FCFP,1184,399,common_random,6.78233003616333,26.308110410075397
fcfp,FCFP,1042,452,common_random,6.855654716491699,36.05548889712871
fcfp,FCFP,1056,536,common_random,7.071067810058594,24.55745790390377
fcfp,FCFP,1786,1828,common_random,2.4494898319244385,1.5944529785568975
fcfp,FCFP,1048,1231,common_random,6.7082037925720215,3.6336521138762814
fcfp,FCFP,574,946,common_random,6.244997978210449,6.7997684970261405
fcfp,FCFP,166,966,common_random,6.633249759674072,31.76644261370308
fcfp,FCFP,412,1234,common_random,6.928203105926514,13.738861622211596
fcfp,FCFP,1945,582,common_random,5.830951690673828,17.264913913858912
fcfp,FCFP,972,1503,common_random,6.244997978210449,2.554369770271761
fcfp,FCFP,167,1470,common_random,5.916079998016357,14.801375019541933
fcfp,FCFP,1403,473,common_random,6.244997978210449,19.37490448151132
fcfp,FCFP,1214,636,common_random,7.280109882354736,3.561486578672518
fcfp,FCFP,1107,671,common_random,6.164413928985596,20.115012345531504
fcfp,FCFP,303,2022,common_random,7.211102485656738,17.881167443151934
fcfp,FCFP,1445,1383,common_random,3.872983455657959,2.645761326022041
fcfp,FCFP,1752,287,common_random,6.557438373565674,10.611681586008372
fcfp,FCFP,1133,1753,common_random,5.099019527435303,2.852185288892455
fcfp,FCFP,631,274,common_random,3.741657495498657,6.269340796243935
fcfp,FCFP,1532,859,common_random,4.795831680297852,2.549405005976593
fcfp,FCFP,867,473,common_random,6.78233003616333,18.92275007329164
fcfp,FCFP,1055,1841,common_random,5.74456262588501,1.4395133272878635
fcfp,FCFP,1480,1077,common_random,4.123105525970459,4.542955860351287
fcfp,FCFP,1459,1208,common_random,4.582575798034668,2.559830790498048
fcfp,FCFP,411,166,common_random,2.8284270763397217,5.877144042279207
fcfp,FCFP,522,1130,common_random,6.855654716491699,9.74143903634162
fcfp,FCFP,1137,1030,common_random,3.872983455657959,2.4359998605295066
fcfp,FCFP,890,1210,common_random,4.358899116516113,1.683371337965105
fcfp,FCFP,242,1456,common_random,6.0,14.938237982817158
fcfp,FCFP,1152,331,common_random,6.324555397033691,5.893945415547126
fcfp,FCFP,181,1080,common_random,7.416198253631592,23.93558240729756
fcfp,FCFP,1081,1965,common_random,5.291502475738525,8.53375531585217
fcfp,FCFP,280,1619,common_random,7.416198253631592,6.9092706441627145
fcfp,FCFP,1562,2019,common_random,6.78233003616333,22.50823432766336
fcfp,FCFP,1454,1689,common_random,4.582575798034668,6.0299326980026215
fcfp,FCFP,1796,500,common_random,6.480740547180176,8.877684696392297
fcfp,FCFP,959,872,common_random,2.2360680103302,0.9011181618769476
fcfp,FCFP,1909,418,common_random,5.0,8.586526922769965
fcfp,FCFP,903,472,common_random,7.280109882354736,2.891127594313426
fcfp,FCFP,488,167,common_random,3.0,6.457787768392933
fcfp,FCFP,174,1848,common_random,7.141428470611572,26.920820017633577
fcfp,FCFP,1637,1141,common_random,5.0,3.7132168456796446
fcfp,FCFP,669,1634,common_random,6.557438373565674,10.41960537993772
fcfp,FCFP,703,1645,common_random,6.557438373565674,25.144239660206217
fcfp,FCFP,1826,440,common_random,6.244997978210449,31.02939601751246
fcfp,FCFP,1745,1379,common_random,4.123105525970459,2.495946582030648
fcfp,FCFP,1141,607,common_random,6.557438373565674,11.768915019248391
fcfp,FCFP,1851,649,common_random,7.211102485656738,24.93917229747369
fcfp,FCFP,1324,72,common_random,7.211102485656738,17.3424218112296
fcfp,FCFP,1414,1328,common_random,4.582575798034668,1.784899893668834
fcfp,FCFP,360,1309,common_random,6.480740547180176,14.629485500698983
fcfp,FCFP,678,1032,common_random,7.280109882354736,6.883891605583052
fcfp,FCFP,1693,364,common_random,6.324555397033691,2.5498767260954622
fcfp,FCFP,1135,950,common_random,6.480740547180176,4.3576814569385975
fcfp,FCFP,940,879,common_random,4.0,3.153739980444617
fcfp,FCFP,1464,917,common_random,5.5677642822265625,4.2255790564130296
fcfp,FCFP,1829,1051,common_random,5.916079998016357,1.687161644107879
fcfp,FCFP,2019,940,common_random,6.244997978210449,21.00163555633537
fcfp,FCFP,1582,582,common_random,6.557438373565674,25.970371482733107
fcfp,FCFP,1142,77,common_random,7.071067810058594,15.62706574587583
fcfp,FCFP,18,229,common_random,5.385164737701416,11.796949510759193
fcfp,FCFP,126,1427,common_random,6.244997978210449,25.45286680296508
fcfp,FCFP,972,1776,common_random,6.244997978210449,5.164205758117487
fcfp,FCFP,906,1600,common_random,5.5677642822265625,2.2973127716079644
fcfp,FCFP,408,1283,common_random,6.928203105926514,3.0452033988907816
fcfp,FCFP,1836,1502,common_random,5.656854152679443,2.798532207220872
fcfp,FCFP,692,1283,common_random,6.324555397033691,22.741440261676512
fcfp,FCFP,1305,1480,common_random,3.605551242828369,0.79716097128377
fcfp,FCFP,30,982,common_random,6.78233003616333,10.845423640685723
fcfp,FCFP,852,1670,common_random,5.5677642822265625,2.511631513065748
fcfp,FCFP,1663,1234,common_random,5.656854152679443,2.539627623348312
fcfp,FCFP,622,973,common_random,7.211102485656738,6.333805506209669
fcfp,FCFP,1827,595,common_random,5.830951690673828,14.035852699570972
fcfp,FCFP,1204,1438,common_random,5.196152210235596,4.124974372740546
fcfp,FCFP,251,980,common_random,6.7082037925720215,2.287225466600618
fcfp,FCFP,669,581,common_random,3.1622776985168457,2.955003571562086
fcfp,FCFP,2021,1213,common_random,7.211102485656738,16.444449968187378
fcfp,FCFP,399,1839,common_random,6.324555397033691,28.921872009125263
fcfp,FCFP,166,428,common_random,2.6457512378692627,23.548231322208096
fcfp,FCFP,1215,1398,common_random,4.795831680297852,2.3515236189139275
fcfp,FCFP,1120,596,common_random,6.7082037925720215,9.01997210828828
fcfp,FCFP,1044,1842,common_random,5.385164737701416,1.6846613489956843
fcfp,FCFP,553,1067,common_random,6.4031243324279785,16.348641547711647
fcfp,FCFP,1261,1099,common_random,3.1622776985168457,2.1208219849105947
fcfp,FCFP,1410,1843,common_random,5.0,1.4403744322195542
fcfp,FCFP,1593,1325,common_random,4.4721360206604,6.969757660903927
fcfp,FCFP,1588,1753,common_random,5.099019527435303,3.447806810072813
fcfp,FCFP,684,1740,common_random,6.633249759674072,27.48957910692395
fcfp,FCFP,1477,848,common_random,4.242640495300293,1.7959758536262769
fcfp,FCFP,604,229,common_random,5.0,10.327037874197746
fcfp,FCFP,267,1242,common_random,7.937253952026367,4.947212102682308
fcfp,FCFP,1664,1669,common_random,3.605551242828369,2.3333556386405445
fcfp,FCFP,47,394,common_random,5.0,15.261318201824064
fcfp,FCFP,973,1826,common_random,6.164413928985596,2.3650177861594104
fcfp,FCFP,823,295,common_random,6.4031243324279785,6.020428161377539
fcfp,FCFP,46,1598,common_random,6.244997978210449,10.975404574916178
fcfp,FCFP,1044,1568,common_random,5.196152210235596,2.053223436673369
fcfp,FCFP,1084,1484,common_random,4.4721360206604,3.106799597105471
fcfp,FCFP,274,1135,common_random,6.557438373565674,12.64677632531992
fcfp,FCFP,1611,1556,common_random,4.123105525970459,1.8817690192063252
fcfp,FCFP,1099,1149,common_random,0.0,3.319057111670249
fcfp,FCFP,1578,1457,common_random,4.358899116516113,1.243466124343195
fcfp,FCFP,274,1567,common_random,6.0,16.196170087595274
fcfp,FCFP,1243,1452,common_random,5.4772257804870605,4.781066024859599
fcfp,FCFP,585,1193,common_random,7.071067810058594,23.5269645225112
fcfp,FCFP,1113,1604,common_random,3.872983455657959,3.917205358815488
fcfp,FCFP,1089,1759,common_random,4.358899116516113,4.733063659582804
fcfp,FCFP,128,666,common_random,4.898979663848877,2.282064339621517
fcfp,FCFP,64,418,common_random,3.741657495498657,5.396036829183376
fcfp,FCFP,393,447,common_random,4.123105525970459,4.251289846147632
fcfp,FCFP,1229,641,common_random,6.7082037925720215,21.71347323843691
fcfp,FCFP,1207,1058,common_random,6.633249759674072,4.126226833025116
fcfp,FCFP,1302,418,common_random,6.164413928985596,14.520001997880785
fcfp,FCFP,99,1741,common_random,7.681145668029785,2.816505011995948
fcfp,FCFP,1586,1705,common_random,4.795831680297852,5.069881692190828
fcfp,FCFP,950,345,common_random,6.244997978210449,24.539017010677007
fcfp,FCFP,1148,1181,common_random,4.795831680297852,4.747037457730506
fcfp,FCFP,1310,1718,common_random,4.690415859222412,1.5015479050747655
fcfp,FCFP,958,701,common_random,6.7082037925720215,7.104283768725172
fcfp,FCFP,1121,1481,common_random,4.358899116516113,1.7229455671841258
fcfp,FCFP,308,1297,common_random,6.633249759674072,2.095097903644427
fcfp,FCFP,1038,1864,common_random,6.082762718200684,5.947963941818404
fcfp,FCFP,1665,250,common_random,7.416198253631592,21.03357061380508
fcfp,FCFP,1397,1603,common_random,4.898979663848877,4.5709018484950175
fcfp,FCFP,1620,501,common_random,6.928203105926514,14.037055890545004
fcfp,FCFP,251,1666,common_random,7.141428470611572,1.7933784897569822
fcfp,FCFP,1769,2122,common_random,4.690415859222412,4.539899236202992
fcfp,FCFP,678,1184,common_random,7.211102485656738,5.8545985940276815
fcfp,FCFP,1816,357,common_random,6.928203105926514,19.22355493025599
fcfp,FCFP,1718,1687,common_random,0.0,2.329970746385161
fcfp,FCFP,1720,912,common_random,6.082762718200684,4.964247627768321
fcfp,FCFP,1584,379,common_random,7.348469257354736,22.539517063794516
fcfp,FCFP,536,1788,common_random,6.7082037925720215,21.267899917977733
fcfp,FCFP,943,527,common_random,6.633249759674072,8.353442100390103
fcfp,FCFP,1061,1558,common_random,5.099019527435303,2.457703545927204
fcfp,FCFP,590,43,common_random,3.605551242828369,11.553150710774418
fcfp,FCFP,1179,1185,common_random,5.4772257804870605,1.645541183162079
fcfp,FCFP,923,1630,common_random,5.5677642822265625,2.535287607683633
fcfp,FCFP,1436,543,common_random,6.557438373565674,18.48136629506691
fcfp,FCFP,1417,278,common_random,6.78233003616333,9.271211673321991
fcfp,FCFP,1427,150,common_random,6.480740547180176,3.738897773073404
fcfp,FCFP,1852,237,common_random,7.0,27.44454712623823
fcfp,FCFP,1301,1620,common_random,4.0,3.572738940481468
fcfp,FCFP,916,1473,common_random,6.164413928985596,1.971612912883312
fcfp,FCFP,829,1292,common_random,5.291502475738525,1.777834685230257
fcfp,FCFP,292,883,common_random,6.324555397033691,13.235207445500407
fcfp,FCFP,525,1882,common_random,7.0,3.7615823760130542
fcfp,FCFP,635,571,common_random,3.316624879837036,3.8690062273845167
fcfp,FCFP,1217,1128,common_random,4.795831680297852,1.876002945117971
fcfp,FCFP,1852,819,common_random,6.164413928985596,3.883152793660599
fcfp,FCFP,1752,1127,common_random,4.795831680297852,1.4452868977511877
fcfp,FCFP,1572,1603,common_random,4.582575798034668,4.764428706484336
fcfp,FCFP,525,19,common_random,4.795831680297852,3.413498923228768
fcfp,FCFP,1813,1469,common_random,5.5677642822265625,1.1837317731672554
fcfp,FCFP,383,1471,common_random,6.78233003616333,1.9802708341537223
fcfp,FCFP,536,1651,common_random,6.7082037925720215,24.889185194169485
fcfp,FCFP,1562,1057,common_random,5.099019527435303,2.007142470076112
fcfp,FCFP,30,150,common_random,2.2360680103302,4.750340253191715
fcfp,FCFP,387,1297,common_random,6.633249759674072,8.820361373074363
fcfp,FCFP,422,1541,common_random,7.348469257354736,10.283519601350068
fcfp,FCFP,269,1239,common_random,7.348469257354736,22.169600970854432
fcfp,FCFP,380,1776,common_random,6.4031243324279785,2.4312276328559026
fcfp,FCFP,1980,1882,common_random,6.928203105926514,6.39545367084879
fcfp,FCFP,894,1080,common_random,5.830951690673828,2.9712166454752875
fcfp,FCFP,1290,1317,common_random,3.1622776985168457,0.866735288245919
fcfp,FCFP,1986,1211,common_random,5.4772257804870605,14.8362655565279
fcfp,FCFP,877,1111,common_random,5.196152210235596,2.679506391321094
fcfp,FCFP,1165,1581,common_random,5.099019527435303,6.619715890481251
fcfp,FCFP,802,1103,common_random,5.916079998016357,4.963892925176502
fcfp,FCFP,1663,590,common_random,6.928203105926514,5.821045740820808
fcfp,FCFP,1174,1080,common_random,5.0,4.03260827303325
fcfp,FCFP,1030,1608,common_random,4.898979663848877,6.391208846975082
fcfp,FCFP,1416,321,common_random,7.280109882354736,12.226213865180434
fcfp,FCFP,1454,220,common_random,7.0,6.811338520406546
fcfp,FCFP,1631,1820,common_random,5.5677642822265625,2.33568928447156
fcfp,FCFP,1164,1488,common_random,5.385164737701416,6.830934428205703
fcfp,FCFP,916,682,common_random,6.557438373565674,18.42816685154067
fcfp,FCFP,1306,819,common_random,5.656854152679443,2.0628811521567108
fcfp,FCFP,665,77,common_random,5.291502475738525,4.263672869860413
fcfp,FCFP,1326,1164,common_random,5.196152210235596,4.764245806414214
fcfp,FCFP,943,425,common_random,6.633249759674072,15.712539517010006
fcfp,FCFP,1719,891,common_random,5.5677642822265625,2.365076987890599
fcfp,FCFP,215,1664,common_random,7.0,5.978532449363028
fcfp,FCFP,1216,1032,common_random,4.242640495300293,2.32955921151013
fcfp,FCFP,521,1175,common_random,7.0,17.06864968022172
fcfp,FCFP,1485,954,common_random,5.385164737701416,4.017578155177418
fcfp,FCFP,1306,1081,common_random,3.1622776985168457,3.344661127374027
fcfp,FCFP,1150,1931,common_random,5.916079998016357,9.987710133536956
fcfp,FCFP,1221,265,common_random,5.830951690673828,5.848147505890321
fcfp,FCFP,1043,1049,common_random,3.464101552963257,2.789918398459858
fcfp,FCFP,943,1214,common_random,3.1622776985168457,1.0830041808745012
fcfp,FCFP,265,1502,common_random,5.830951690673828,4.746612100271755
fcfp,FCFP,1738,1146,common_random,4.582575798034668,1.8110837312651544
fcfp,FCFP,1152,1493,common_random,4.795831680297852,2.2963275958351583
fcfp,FCFP,1481,1599,common_random,4.690415859222412,2.606423558068579
fcfp,FCFP,1296,662,common_random,6.480740547180176,9.379011814339256
fcfp,FCFP,622,1146,common_random,7.211102485656738,7.872584547757839
fcfp,FCFP,1403,1298,common_random,4.242640495300293,1.9909905090185545
fcfp,FCFP,1575,759,common_random,6.4031243324279785,24.682118713514992
fcfp,FCFP,1698,1653,common_random,3.741657495498657,7.084437980081049
fcfp,FCFP,1806,1980,common_random,5.4772257804870605,12.986363381398542
fcfp,FCFP,1170,233,common_random,6.78233003616333,4.253521042681595
fcfp,FCFP,1823,1747,common_random,5.656854152679443,2.0910483161869937
fcfp,FCFP,1445,596,common_random,6.633249759674072,6.287593587757398
fcfp,FCFP,886,1621,common_random,5.291502475738525,3.594783765893523
fcfp,FCFP,1719,269,common_random,7.681145668029785,20.227137598341127
fcfp,FCFP,1741,1592,common_random,4.4721360206604,5.904092363774215
fcfp,FCFP,1841,1470,common_random,6.164413928985596,2.421944123023074
fcfp,FCFP,47,1040,common_random,7.348469257354736,19.055765623333507
fcfp,FCFP,585,607,common_random,3.605551242828369,13.950595062446036
fcfp,FCFP,633,882,common_random,6.244997978210449,15.87141027093839
fcfp,FCFP,344,2011,common_random,6.324555397033691,15.168099169547077
fcfp,FCFP,641,284,common_random,3.1622776985168457,12.958273301425944
fcfp,FCFP,641,1482,common_random,6.557438373565674,19.133437574374863
fcfp,FCFP,1254,491,common_random,6.244997978210449,17.477154544594082
fcfp,FCFP,866,1130,common_random,5.4772257804870605,1.6590560364180875
fcfp,FCFP,1137,1044,common_random,5.099019527435303,2.804551146184631
fcfp,FCFP,975,1330,common_random,5.291502475738525,1.6660481494231705
fcfp,FCFP,525,297,common_random,4.0,8.62474159667726
fcfp,FCFP,1797,1103,common_random,5.291502475738525,1.3311756930349397
fcfp,FCFP,607,1711,common_random,6.244997978210449,9.959790279633944
fcfp,FCFP,960,1454,common_random,5.74456262588501,1.2900703268076754
fcfp,FCFP,2000,1579,common_random,5.385164737701416,5.002899014870665
fcfp,FCFP,448,54,common_random,4.242640495300293,3.4238404989999816
fcfp,FCFP,1641,508,common_random,6.78233003616333,15.999259940099495
fcfp,FCFP,1636,225,common_random,6.082762718200684,9.075411009749974
fcfp,FCFP,1111,1469,common_random,2.0,1.5747400455366023
fcfp,FCFP,200,1254,common_random,7.280109882354736,2.3063808161855537
fcfp,FCFP,1195,1392,common_random,5.0,3.1424663498994687
fcfp,FCFP,1753,1776,common_random,6.0,4.895429022915589
fcfp,FCFP,571,1542,common_random,6.164413928985596,10.039366646379472
fcfp,FCFP,1398,832,common_random,5.0,7.079985023912434
fcfp,FCFP,143,235,common_random,3.1622776985168457,11.464285138369302
fcfp,FCFP,1046,1061,common_random,3.741657495498657,2.75447596623554
fcfp,FCFP,441,556,common_random,5.291502475738525,13.260891481937795
fcfp,FCFP,1491,1760,common_random,4.898979663848877,2.276142741119665
fcfp,FCFP,1612,1615,common_random,3.605551242828369,2.3038280868632546
fcfp,FCFP,1237,1719,common_random,5.291502475738525,2.554929182954764
fcfp,FCFP,480,229,common_random,4.898979663848877,2.858613130197737
fcfp,FCFP,274,1035,common_random,6.480740547180176,14.938554810686773
fcfp,FCFP,1786,572,common_random,6.4031243324279785,10.503096546791262
fcfp,FCFP,1061,1813,common_random,4.690415859222412,1.373532520777704
fcfp,FCFP,281,1676,common_random,7.280109882354736,10.0750673326484
fcfp,FCFP,1710,184,common_random,6.244997978210449,21.54979377825445
fcfp,FCFP,1156,449,common_random,6.78233003616333,24.848709853153192
fcfp,FCFP,1130,936,common_random,5.291502475738525,1.920116201604612
fcfp,FCFP,679,309,common_random,2.6457512378692627,12.714335597279527
fcfp,FCFP,2019,918,common_random,6.633249759674072,18.30875387056067
fcfp,FCFP,527,746,common_random,3.872983455657959,14.53416034580001
fcfp,FCFP,525,1450,common_random,6.928203105926514,9.368200066432957
fcfp,FCFP,433,1314,common_random,6.78233003616333,27.9315938826559
fcfp,FCFP,1299,1752,common_random,5.830951690673828,3.724234276578812
fcfp,FCFP,433,1495,common_random,6.633249759674072,28.75058423123308
fcfp,FCFP,1146,1631,common_random,4.123105525970459,1.154902889834685
fcfp,FCFP,671,1395,common_random,6.082762718200684,18.523473587111923
fcfp,FCFP,1840,1481,common_random,5.5677642822265625,1.2447798818842744
fcfp,FCFP,3,1532,common_random,6.324555397033691,32.5776355366373
fcfp,FCFP,1725,1583,common_random,4.242640495300293,1.9605400523266885
fcfp,FCFP,1491,558,common_random,6.244997978210449,7.074207155306816
fcfp,FCFP,1187,994,common_random,6.0,2.2820344460624624
fcfp,FCFP,47,131,common_random,4.690415859222412,8.514073109353165
fcfp,FCFP,1640,1203,common_random,5.196152210235596,1.4479124331230304
fcfp,FCFP,544,1060,common_random,7.071067810058594,11.018937403394808
fcfp,FCFP,968,1231,common_random,4.242640495300293,1.83060006306022
fcfp,FCFP,1583,1307,common_random,4.4721360206604,2.4185370264184445
fcfp,FCFP,1460,1592,common_random,4.898979663848877,6.630560588004624
fcfp,FCFP,543,186,common_random,2.6457512378692627,17.22541577718041
fcfp,FCFP,863,1825,common_random,6.164413928985596,2.5680251472446387
fcfp,FCFP,1785,180,common_random,7.549834251403809,9.851789243350243
fcfp,FCFP,134,452,common_random,4.898979663848877,25.012149516998715
fcfp,FCFP,1303,1469,common_random,4.0,1.7309628387358826
fcfp,FCFP,1210,887,common_random,5.916079998016357,1.6337188180848727
fcfp,FCFP,1058,322,common_random,7.810249805450439,3.4052897269421987
fcfp,FCFP,265,558,common_random,2.2360680103302,1.8353534098993864
fcfp,FCFP,1210,181,common_random,7.211102485656738,29.39554859802026
fcfp,FCFP,1046,1168,common_random,6.164413928985596,1.7366070003779848
fcfp,FCFP,1617,290,common_random,7.211102485656738,8.177318888778077
fcfp,FCFP,1476,1836,common_random,5.291502475738525,1.9334473110077368
fcfp,FCFP,430,153,common_random,3.464101552963257,11.297284491046996
fcfp,FCFP,1822,553,common_random,6.633249759674072,17.74275438229842
fcfp,FCFP,1718,1033,common_random,4.582575798034668,1.669386664555162
fcfp,FCFP,1152,1632,common_random,3.464101552963257,2.179854726356304
fcfp,FCFP,2000,170,common_random,6.324555397033691,3.3937174366562424
fcfp,FCFP,430,72,common_random,4.0,4.983127946785833
fcfp,FCFP,1488,393,common_random,7.0,12.246267294265156
fcfp,FCFP,1209,1618,common_random,5.5677642822265625,4.385636787715819
fcfp,FCFP,43,1676,common_random,6.082762718200684,15.529928088564168
fcfp,FCFP,36,1055,common_random,6.78233003616333,27.14752211690889
fcfp,FCFP,1612,1806,common_random,5.196152210235596,2.6620574505021923
fcfp,FCFP,1317,1502,common_random,4.795831680297852,2.594953841210301
fcfp,FCFP,150,1464,common_random,6.480740547180176,7.679504500254247
fcfp,FCFP,1497,1846,common_random,5.099019527435303,0.8287195411535312
fcfp,FCFP,1629,421,common_random,6.7082037925720215,4.914696717645675
fcfp,FCFP,1039,530,common_random,7.211102485656738,24.009656492215136
fcfp,FCFP,1258,1392,common_random,3.464101552963257,5.68429113068649
fcfp,FCFP,479,1615,common_random,6.480740547180176,19.4662785848586
fcfp,FCFP,557,138,common_random,2.6457512378692627,17.402923311540498
fcfp,FCFP,1348,684,common_random,6.244997978210449,25.73859300329805
fcfp,FCFP,1328,134,common_random,6.928203105926514,11.454449451147388
fcfp,FCFP,1160,364,common_random,6.082762718200684,1.400824134320536
fcfp,FCFP,422,1726,common_random,7.549834251403809,14.364839104737614
fcfp,FCFP,917,542,common_random,6.082762718200684,11.230404400893883
fcfp,FCFP,177,1312,common_random,6.855654716491699,5.255483291709891
fcfp,FCFP,1469,1641,common_random,4.242640495300293,1.1579892987592464
fcfp,FCFP,1738,712,common_random,6.78233003616333,23.80849391793856
fcfp,FCFP,1413,545,common_random,6.324555397033691,29.115699308920437
fcfp,FCFP,428,1309,common_random,6.78233003616333,7.15861181760947
fcfp,FCFP,307,1835,common_random,7.6157732009887695,14.158582174529416
fcfp,FCFP,1616,1464,common_random,4.795831680297852,4.800196839147267
fcfp,FCFP,1740,248,common_random,7.549834251403809,6.934232662135611
fcfp,FCFP,134,1642,common_random,7.483314990997314,12.58354658931158
fcfp,FCFP,448,1478,common_random,7.280109882354736,13.324757559460323
fcfp,FCFP,1384,1046,common_random,3.464101552963257,1.4444454449330797
fcfp,FCFP,903,1532,common_random,4.4721360206604,4.849876190720793
fcfp,FCFP,1903,1397,common_random,5.830951690673828,5.361237915713459
fcfp,FCFP,590,667,common_random,2.6457512378692627,2.865599718282439
fcfp,FCFP,1407,452,common_random,6.7082037925720215,37.85156366190847
fcfp,FCFP,1742,1741,common_random,2.8284270763397217,1.286606371826942
fcfp,FCFP,490,469,common_random,3.464101552963257,12.31841379549934
fcfp,FCFP,116,1198,common_random,6.0,30.5347896812484
fcfp,FCFP,1421,963,common_random,6.0,8.994995890202846
fcfp,FCFP,220,1448,common_random,7.0,4.7461693586214375
fcfp,FCFP,895,400,common_random,6.78233003616333,6.299867359092017
fcfp,FCFP,1326,1810,common_random,5.099019527435303,1.29015943688436
fcfp,FCFP,950,393,common_random,6.244997978210449,10.62421624874177
fcfp,FCFP,233,1225,common_random,7.280109882354736,10.433593161709716
fcfp,FCFP,1341,1048,common_random,5.291502475738525,2.269181691299889
fcfp,FCFP,352,1108,common_random,6.324555397033691,20.49741211459841
fcfp,FCFP,545,890,common_random,6.164413928985596,29.64109789491673
fcfp,FCFP,1497,1629,common_random,4.0,1.9144436520425527
fcfp,FCFP,982,322,common_random,7.0,2.12205170326674
fcfp,FCFP,1221,963,common_random,6.244997978210449,0.817535425730167
fcfp,FCFP,1686,1199,common_random,5.656854152679443,3.152530223936542
fcfp,FCFP,1144,433,common_random,6.480740547180176,24.89042211256967
fcfp,FCFP,1716,539,common_random,7.071067810058594,19.019517435833325
fcfp,FCFP,1703,1052,common_random,4.582575798034668,4.918858265561482
fcfp,FCFP,39,213,common_random,5.830951690673828,7.390327340676216
fcfp,FCFP,1730,534,common_random,6.4031243324279785,12.894967888956346
fcfp,FCFP,129,585,common_random,3.605551242828369,6.370612392821822
fcfp,FCFP,308,1291,common_random,6.78233003616333,4.592667748807589
fcfp,FCFP,1446,676,common_random,6.78233003616333,21.764907872546495
fcfp,FCFP,1996,1306,common_random,5.74456262588501,26.091327348367336
fcfp,FCFP,111,678,common_random,4.0,14.851566157790376
fcfp,FCFP,923,564,common_random,6.633249759674072,13.591745289316586
fcfp,FCFP,1482,1562,common_random,4.242640495300293,2.5873697453574143
fcfp,FCFP,1546,1614,common_random,3.741657495498657,1.0239213423369815
fcfp,FCFP,237,306,common_random,3.741657495498657,18.581250761349096
fcfp,FCFP,833,1489,common_random,5.0,4.378096139069974
fcfp,FCFP,496,1469,common_random,7.280109882354736,20.422915150576088
fcfp,FCFP,1111,1827,common_random,4.795831680297852,2.490930794671212
fcfp,FCFP,1542,558,common_random,6.244997978210449,5.814023770986004
fcfp,FCFP,1739,1396,common_random,4.898979663848877,3.688316651769043
fcfp,FCFP,1545,1785,common_random,5.291502475738525,0.8545813367537184
fcfp,FCFP,820,1188,common_random,2.0,2.399748839289097
fcfp,FCFP,1896,1157,common_random,5.291502475738525,3.710828561146895
fcfp,FCFP,1160,832,common_random,4.4721360206604,2.786334158704812
fcfp,FCFP,448,1398,common_random,7.211102485656738,14.61613820904936
fcfp,FCFP,1840,1642,common_random,5.830951690673828,1.4686540987451184
fcfp,FCFP,140,1231,common_random,6.78233003616333,12.681559127029384
fcfp,FCFP,1119,72,common_random,7.280109882354736,14.704746121566464
fcfp,FCFP,1695,1304,common_random,5.099019527435303,4.0998947505190255
fcfp,FCFP,1658,1590,common_random,5.099019527435303,3.105582466591872
fcfp,FCFP,498,1140,common_random,6.78233003616333,6.074950936376116
fcfp,FCFP,298,981,common_random,7.211102485656738,23.758740354098684
fcfp,FCFP,574,128,common_random,4.690415859222412,1.4333877555033925
fcfp,FCFP,363,1645,common_random,6.480740547180176,9.682446486212536
fcfp,FCFP,1636,1400,common_random,4.242640495300293,1.723851645033684
fcfp,FCFP,452,556,common_random,5.385164737701416,27.738241625544088
fcfp,FCFP,1258,47,common_random,6.7082037925720215,12.884439515397789
fcfp,FCFP,893,387,common_random,6.4031243324279785,10.458343448320246
fcfp,FCFP,1090,536,common_random,6.928203105926514,20.88450206706384
fcfp,FCFP,234,399,common_random,4.4721360206604,26.461725363745963
fcfp,FCFP,671,1318,common_random,6.082762718200684,19.49460032738091
fcfp,FCFP,926,1208,common_random,3.464101552963257,1.9151714451385515
fcfp,FCFP,1175,1229,common_random,5.5677642822265625,3.9116900223094033
fcfp,FCFP,1833,281,common_random,7.549834251403809,12.065627728988629
fcfp,FCFP,1718,1170,common_random,5.656854152679443,3.154523742679212
fcfp,FCFP,1476,1138,common_random,2.0,1.0752928748887332
fcfp,FCFP,849,346,common_random,6.244997978210449,16.880797550948614
fcfp,FCFP,1090,1502,common_random,3.741657495498657,4.3167690665842855
fcfp,FCFP,970,1734,common_random,6.633249759674072,1.4954525124983191
fcfp,FCFP,1828,1441,common_random,5.0,3.706942641856032
fcfp,FCFP,546,115,common_random,4.242640495300293,44.61601725427438
fcfp,FCFP,1033,1393,common_random,4.123105525970459,2.192459872005204
fcfp,FCFP,877,910,common_random,5.830951690673828,5.986184019079189
fcfp,FCFP,1718,527,common_random,5.916079998016357,6.947460868312483
fcfp,FCFP,1212,649,common_random,7.280109882354736,24.653182967516088
fcfp,FCFP,3,1839,common_random,6.244997978210449,34.55369088219878
fcfp,FCFP,663,0,common_random,4.358899116516113,2.1924102435104538
fcfp,FCFP,632,679,common_random,2.8284270763397217,15.33915778603507
fcfp,FCFP,1573,544,common_random,6.78233003616333,10.61057908558704
fcfp,FCFP,1054,390,common_random,7.348469257354736,8.240222487191767
fcfp,FCFP,1047,545,common_random,6.557438373565674,26.782715421063937
fcfp,FCFP,1714,1315,common_random,5.4772257804870605,5.098825262142729
fcfp,FCFP,1057,654,common_random,6.855654716491699,18.68219182682215
fcfp,FCFP,1788,472,common_random,6.633249759674072,2.870135072509856
fcfp,FCFP,1184,1447,common_random,4.795831680297852,1.2817000833248051
fcfp,FCFP,1319,907,common_random,6.164413928985596,1.976534479447278
fcfp,FCFP,893,2000,common_random,5.099019527435303,6.714861845550398
fcfp,FCFP,1601,1158,common_random,4.690415859222412,5.97139259258334
fcfp,FCFP,404,1614,common_random,6.633249759674072,10.60073933192096
fcfp,FCFP,251,331,common_random,4.4721360206604,6.457708269726468
fcfp,FCFP,678,1454,common_random,7.0,7.401408040379064
fcfp,FCFP,1931,944,common_random,6.324555397033691,7.50634612320624
fcfp,FCFP,1421,1227,common_random,5.099019527435303,10.612556868799809
fcfp,FCFP,1618,175,common_random,6.633249759674072,25.764202859696997
fcfp,FCFP,1841,271,common_random,7.874007701873779,2.8355862880962284
fcfp,FCFP,874,1764,common_random,4.4721360206604,2.985055242071981
fcfp,FCFP,1696,678,common_random,6.4031243324279785,4.627810514732197
fcfp,FCFP,1647,712,common_random,7.348469257354736,21.253728067143708
fcfp,FCFP,1110,498,common_random,6.633249759674072,4.012666570690202
fcfp,FCFP,1793,1495,common_random,4.358899116516113,4.817083353013265
fcfp,FCFP,1986,152,common_random,5.196152210235596,3.821813776420642
fcfp,FCFP,1603,150,common_random,5.830951690673828,4.653382192381349
fcfp,FCFP,1719,1392,common_random,3.741657495498657,1.955487356980383
fcfp,FCFP,206,746,common_random,2.2360680103302,15.29816617906658
fcfp,FCFP,1208,249,common_random,6.082762718200684,29.26479166606249
fcfp,FCFP,1118,308,common_random,6.928203105926514,3.835370320561255
fcfp,FCFP,1480,1787,common_random,5.5677642822265625,2.7070453292530705
fcfp,FCFP,1581,1723,common_random,5.0,3.3001105577504006
fcfp,FCFP,1587,1632,common_random,3.605551242828369,2.3767951177254907
fcfp,FCFP,540,1631,common_random,6.78233003616333,14.792478929867196
fcfp,FCFP,383,1035,common_random,7.211102485656738,1.429477938590622
fcfp,FCFP,532,287,common_random,3.0,18.511119218964613
fcfp,FCFP,860,1898,common_random,5.385164737701416,9.153318156809195
fcfp,FCFP,1124,357,common_random,6.78233003616333,17.822171931224126
fcfp,FCFP,1608,883,common_random,5.916079998016357,6.869401672544639
fcfp,FCFP,1732,331,common_random,6.557438373565674,5.032515741472406
fcfp,FCFP,254,1579,common_random,6.164413928985596,13.627649596737346
fcfp,FCFP,2015,1722,common_random,6.4031243324279785,21.408883698634398
fcfp,FCFP,1573,1675,common_random,4.582575798034668,1.0576026595640386
fcfp,FCFP,933,355,common_random,6.7082037925720215,12.258444767932923
fcfp,FCFP,1758,271,common_random,6.78233003616333,4.041391533838249
fcfp,FCFP,1238,490,common_random,6.082762718200684,15.513447821435044
fcfp,FCFP,444,1690,common_random,6.557438373565674,2.7765256515155867
fcfp,FCFP,1111,1810,common_random,4.795831680297852,1.1382201230333855
fcfp,FCFP,426,1416,common_random,7.416198253631592,2.8596046230012413
fcfp,FCFP,953,47,common_random,7.141428470611572,17.888385341585384
fcfp,FCFP,1020,1048,common_random,4.0,1.3868784752099317
fcfp,FCFP,671,259,common_random,3.464101552963257,15.32197524263156
fcfp,FCFP,1864,1215,common_random,5.5677642822265625,8.699615851587689
fcfp,FCFP,1702,483,common_random,6.633249759674072,5.819470177981522
fcfp,FCFP,1402,1563,common_random,3.741657495498657,1.8206780712024029
fcfp,FCFP,1754,1615,common_random,5.099019527435303,5.03725880667372
fcfp,FCFP,1468,1841,common_random,6.082762718200684,2.04146748376977
fcfp,FCFP,600,1229,common_random,6.082762718200684,14.36712493536381
fcfp,FCFP,1610,394,common_random,6.78233003616333,1.8391846288520977
fcfp,FCFP,274,1733,common_random,6.164413928985596,14.393923111435774
fcfp,FCFP,849,295,common_random,6.7082037925720215,11.337884248415593
fcfp,FCFP,1841,1241,common_random,6.78233003616333,2.3765810943420176
fcfp,FCFP,1862,559,common_random,6.244997978210449,8.61346367368716
fcfp,FCFP,308,322,common_random,3.464101552963257,2.4812113927404944
fcfp,FCFP,676,1655,common_random,6.855654716491699,22.78238963535521
fcfp,FCFP,1639,1493,common_random,5.099019527435303,2.751752055540285
fcfp,FCFP,893,1786,common_random,4.123105525970459,1.7372720008698928
fcfp,FCFP,367,1454,common_random,6.480740547180176,4.079655834443033
fcfp,FCFP,1130,39,common_random,7.280109882354736,9.46332889751008
fcfp,FCFP,1958,565,common_random,5.0,1.223642197547005
fcfp,FCFP,1056,679,common_random,6.7082037925720215,18.724914303469674
fcfp,FCFP,524,1736,common_random,7.681145668029785,17.98799412679981
fcfp,FCFP,1563,1081,common_random,3.464101552963257,6.070161555601704
fcfp,FCFP,502,1179,common_random,6.855654716491699,6.274081355585792
fcfp,FCFP,558,956,common_random,6.244997978210449,7.419350762463663
fcfp,FCFP,1398,482,common_random,6.633249759674072,16.419344503998516
fcfp,FCFP,1126,1846,common_random,5.099019527435303,1.9758036749491448
fcfp,FCFP,1039,40,common_random,6.928203105926514,19.89508764278968
fcfp,FCFP,692,908,common_random,6.164413928985596,16.574775478022836
fcfp,FCFP,1728,1409,common_random,2.8284270763397217,1.990034687881159
fcfp,FCFP,1965,1413,common_random,5.74456262588501,13.44294517463291
fcfp,FCFP,1078,1849,common_random,5.099019527435303,5.872989411921116
fcfp,FCFP,1081,294,common_random,6.164413928985596,8.106772992900629
fcfp,FCFP,1416,873,common_random,6.082762718200684,1.7360210202374764
fcfp,FCFP,1620,1138,common_random,2.6457512378692627,3.206629800749956
fcfp,FCFP,1847,281,common_random,7.0,11.75732198437143
fcfp,FCFP,1185,1802,common_random,3.605551242828369,2.152011169787895
fcfp,FCFP,1817,1128,common_random,5.0,1.5442957768384926
fcfp,FCFP,1056,1900,common_random,5.916079998016357,7.527079516471844
fcfp,FCFP,1682,883,common_random,6.0,14.28512190201283
fcfp,FCFP,1484,959,common_random,5.4772257804870605,1.0864915821183223
fcfp,FCFP,979,665,common_random,6.7082037925720215,19.79174248566537
fcfp,FCFP,109,1156,common_random,6.164413928985596,45.82775099412916
fcfp,FCFP,415,1909,common_random,5.0,11.021143198489334
fcfp,FCFP,1633,364,common_random,6.557438373565674,5.833319227602586
fcfp,FCFP,348,1797,common_random,6.480740547180176,12.201608828371024
fcfp,FCFP,1849,943,common_random,6.0,1.3139042523088766
fcfp,FCFP,1909,1852,common_random,6.082762718200684,6.109283370598422
fcfp,FCFP,1829,1553,common_random,5.4772257804870605,1.246212806108582
fcfp,FCFP,1823,1835,common_random,2.8284270763397217,2.2219696986864435
fcfp,FCFP,318,1620,common_random,6.78233003616333,10.944891896642588
fcfp,FCFP,617,703,common_random,2.6457512378692627,13.60979209817299
fcfp,FCFP,1583,1786,common_random,5.196152210235596,2.2353868268429418
fcfp,FCFP,1188,1764,common_random,6.4031243324279785,2.705850888253826
fcfp,FCFP,1108,1916,common_random,5.196152210235596,7.41372618997733
fcfp,FCFP,1902,1487,common_random,5.830951690673828,6.887160346201365
fcfp,FCFP,1239,490,common_random,6.244997978210449,15.73893631077788
fcfp,FCFP,387,298,common_random,3.0,15.936532031403065
fcfp,FCFP,1835,1261,common_random,4.795831680297852,2.7011112601344776
fcfp,FCFP,1314,1846,common_random,4.582575798034668,1.4101599189061846
fcfp,FCFP,1052,1599,common_random,4.898979663848877,3.116586406995724
fcfp,FCFP,201,780,common_random,5.291502475738525,2.434264051554599
fcfp,FCFP,1827,1787,common_random,1.0,4.253372982950528
fcfp,FCFP,937,1502,common_random,5.196152210235596,2.783029357387784
fcfp,FCFP,486,1463,common_random,6.78233003616333,23.26292511630806
fcfp,FCFP,1556,134,common_random,7.0,10.941066102028568
fcfp,FCFP,503,201,common_random,3.872983455657959,6.154577957119449
fcfp,FCFP,957,1201,common_random,3.605551242828369,2.0475396459339743
fcfp,FCFP,1229,1472,common_random,5.385164737701416,4.27727642145378
fcfp,FCFP,422,1047,common_random,7.483314990997314,10.74601998352697
fcfp,FCFP,276,1703,common_random,7.071067810058594,10.965897374407524
fcfp,FCFP,936,1468,common_random,5.099019527435303,2.1377871389744434
fcfp,FCFP,1496,1608,common_random,4.123105525970459,6.950353446734859
fcfp,FCFP,1819,1743,common_random,6.0,2.716870603858791
fcfp,FCFP,1133,1618,common_random,4.123105525970459,2.7354308612305824
fcfp,FCFP,1850,1702,common_random,6.0,3.6984769486996
fcfp,FCFP,475,1585,common_random,6.324555397033691,13.03846936421625
fcfp,FCFP,113,109,common_random,4.242640495300293,33.18744231669875
fcfp,FCFP,1945,1663,common_random,6.0,8.571306857387844
fcfp,FCFP,1035,1307,common_random,4.690415859222412,1.1713428788239573
fcfp,FCFP,1211,1170,common_random,4.0,4.859323462116594
fcfp,FCFP,498,1631,common_random,7.0,6.025749975647687
fcfp,FCFP,1057,1624,common_random,5.385164737701416,2.110767071137112
fcfp,FCFP,267,47,common_random,2.2360680103302,12.308053710155564
fcfp,FCFP,96,671,common_random,3.1622776985168457,7.247958124583981
fcfp,FCFP,926,415,common_random,6.244997978210449,15.02047915535309
fcfp,FCFP,875,1750,common_random,5.656854152679443,2.862769600846782
fcfp,FCFP,1239,1049,common_random,6.082762718200684,2.5005449891900158
fcfp,FCFP,215,1743,common_random,6.633249759674072,4.632237389999031
fcfp,FCFP,641,503,common_random,4.582575798034668,2.4803640411982166
fcfp,FCFP,1185,1406,common_random,5.291502475738525,2.9399423567573577
fcfp,FCFP,1687,119,common_random,7.549834251403809,11.538268346188849
fcfp,FCFP,875,1210,common_random,6.0,1.7277427736970674
fcfp,FCFP,635,1188,common_random,6.4031243324279785,5.0838491721084536
fcfp,FCFP,1047,129,common_random,6.324555397033691,16.439984113687334
fcfp,FCFP,1183,1625,common_random,5.291502475738525,2.157458789751193
fcfp,FCFP,1113,1323,common_random,4.0,1.7070673373385945
fcfp,FCFP,1472,1802,common_random,5.74456262588501,1.4666942855478275
fcfp,FCFP,1810,1743,common_random,5.4772257804870605,3.634616800901437
fcfp,FCFP,1585,508,common_random,6.324555397033691,16.437567175046095
fcfp,FCFP,1153,1588,common_random,1.7320507764816284,1.4469513282895758
fcfp,FCFP,872,72,common_random,7.071067810058594,15.473689402933514
fcfp,FCFP,1657,1230,common_random,6.244997978210449,4.834764570541717
fcfp,FCFP,1722,1242,common_random,6.480740547180176,1.6703889898914428
fcfp,FCFP,1892,1195,common_random,5.74456262588501,6.661083457839487
fcfp,FCFP,1703,1348,common_random,4.582575798034668,3.284258232357351
fcfp,FCFP,46,1739,common_random,6.4031243324279785,18.255219240209048
fcfp,FCFP,1468,427,common_random,6.928203105926514,8.690285344693635
fcfp,FCFP,1330,292,common_random,6.557438373565674,13.027179215258473
fcfp,FCFP,1582,1818,common_random,5.385164737701416,1.8871538465313928
fcfp,FCFP,1232,1602,common_random,6.082762718200684,3.610324252734645
fcfp,FCFP,1187,1902,common_random,5.5677642822265625,3.913596904113037
fcfp,FCFP,1442,848,common_random,5.099019527435303,1.336687606438444
fcfp,FCFP,553,1048,common_random,7.348469257354736,15.633806000641597
fcfp,FCFP,328,1042,common_random,6.855654716491699,12.83022351298559
fcfp,FCFP,1575,449,common_random,6.78233003616333,23.69387195840572
molebert,MoleBERT,1477,250,common_random,1.97896945476532,18.783061041273065
molebert,MoleBERT,1718,1348,common_random,0.971762239933014,1.8290707187601012
molebert,MoleBERT,1546,1381,common_random,0.7848320007324219,1.4633487279721058
molebert,MoleBERT,890,27,common_random,1.4815574884414673,15.451989388755278
molebert,MoleBERT,1604,1479,common_random,1.2903785705566406,4.80035768158822
molebert,MoleBERT,316,290,common_random,1.1359094381332395,2.125459636928161
molebert,MoleBERT,1310,666,common_random,1.7565757036209106,6.865389545651963
molebert,MoleBERT,1448,1819,common_random,1.630561351776123,3.4970959039629794
molebert,MoleBERT,1179,598,common_random,1.8205718994140625,16.12844461102779
molebert,MoleBERT,472,1714,common_random,1.7514963150024414,2.758776367212864
molebert,MoleBERT,264,1448,common_random,1.471806287765503,14.709999660913471
molebert,MoleBERT,666,391,common_random,0.7384990453720093,4.012669107167072
molebert,MoleBERT,303,483,common_random,1.058537840843201,5.952817842623443
molebert,MoleBERT,1184,1297,common_random,1.2314913272857666,1.2457814201759725
molebert,MoleBERT,1718,1403,common_random,1.7400918006896973,2.038931407619758
molebert,MoleBERT,1731,137,common_random,1.8856501579284668,27.569158064221444
molebert,MoleBERT,1848,1752,common_random,1.5006824731826782,1.6313943981407404
molebert,MoleBERT,491,1695,common_random,1.657983899116516,17.723670332123078
molebert,MoleBERT,171,119,common_random,0.8292068839073181,13.257302452630524
molebert,MoleBERT,465,1131,common_random,1.9479544162750244,9.35984561557314
molebert,MoleBERT,11,1731,common_random,2.02216911315918,20.50547464781678
molebert,MoleBERT,1482,1616,common_random,1.167580485343933,3.5016759531651576
molebert,MoleBERT,776,1404,common_random,1.576772689819336,9.575387692560616
molebert,MoleBERT,1325,46,common_random,1.892838835716248,18.73606331443188
molebert,MoleBERT,539,51,common_random,1.3529391288757324,1.1980746276243084
molebert,MoleBERT,1810,443,common_random,1.9406858682632449,22.170514063396524
molebert,MoleBERT,1987,1140,common_random,2.049116849899292,18.287215970144896
molebert,MoleBERT,967,682,common_random,1.7936372756958008,22.164767110199936
molebert,MoleBERT,1669,1641,common_random,1.0553278923034668,2.38749780336292
molebert,MoleBERT,1803,1063,common_random,1.4642043113708496,1.5740800887490207
molebert,MoleBERT,328,1055,common_random,1.8099923133850095,13.320857163282328
molebert,MoleBERT,1447,1040,common_random,1.5645359754562378,2.5626690280551965
molebert,MoleBERT,736,1327,common_random,1.8013205528259275,30.442874351614744
molebert,MoleBERT,180,1131,common_random,2.06681227684021,11.888467850035026
molebert,MoleBERT,1986,1945,common_random,1.8070077896118164,6.547075036639117
molebert,MoleBERT,1719,1591,common_random,1.355704665184021,1.641218225934506
molebert,MoleBERT,649,156,common_random,0.3856246471405029,9.34514452911458
molebert,MoleBERT,630,706,common_random,0.2708430290222168,2.5891947455082245
molebert,MoleBERT,866,1938,common_random,2.5798864364624023,9.119568249374488
molebert,MoleBERT,171,665,common_random,1.29159414768219,8.90120823999752
molebert,MoleBERT,1671,229,common_random,1.81647789478302,9.509212243353518
molebert,MoleBERT,1740,1739,common_random,0.4639312326908111,1.3029357524302456
molebert,MoleBERT,1305,1654,common_random,1.1127877235412598,2.0672584354069694
molebert,MoleBERT,1681,1557,common_random,1.7736674547195437,11.74745416833352
molebert,MoleBERT,692,1856,common_random,1.027762532234192,15.268667767830284
molebert,MoleBERT,96,1167,common_random,1.6491656303405762,9.814358092707543
molebert,MoleBERT,1184,399,common_random,1.7509630918502808,26.308110410075397
molebert,MoleBERT,1042,452,common_random,1.3102269172668457,36.05548889712871
molebert,MoleBERT,1056,536,common_random,1.892407178878784,24.55745790390377
molebert,MoleBERT,1786,1828,common_random,1.0456914901733398,1.5944529785568975
molebert,MoleBERT,1048,1231,common_random,1.4072353839874268,3.6336521138762814
molebert,MoleBERT,574,946,common_random,1.6765371561050415,6.7997684970261405
molebert,MoleBERT,166,966,common_random,2.0635814666748047,31.76644261370308
molebert,MoleBERT,412,1234,common_random,2.213670015335083,13.738861622211596
molebert,MoleBERT,1945,582,common_random,2.021183490753174,17.264913913858912
molebert,MoleBERT,972,1503,common_random,1.8630973100662231,2.554369770271761
molebert,MoleBERT,167,1470,common_random,1.808407187461853,14.801375019541933
molebert,MoleBERT,1403,473,common_random,1.9956027269363403,19.37490448151132
molebert,MoleBERT,1214,636,common_random,1.899672508239746,3.561486578672518
molebert,MoleBERT,1107,671,common_random,1.85224187374115,20.115012345531504
molebert,MoleBERT,303,2022,common_random,1.7418068647384644,17.881167443151934
molebert,MoleBERT,1445,1383,common_random,1.2615971565246582,2.645761326022041
molebert,MoleBERT,1752,287,common_random,1.7373276948928833,10.611681586008372
molebert,MoleBERT,1133,1753,common_random,1.3711551427841189,2.852185288892455
molebert,MoleBERT,631,274,common_random,1.4763174057006836,6.269340796243935
molebert,MoleBERT,1532,859,common_random,1.0420001745224,2.549405005976593
molebert,MoleBERT,867,473,common_random,1.9508599042892456,18.92275007329164
molebert,MoleBERT,1055,1841,common_random,1.2598247528076172,1.4395133272878635
molebert,MoleBERT,1480,1077,common_random,1.389163851737976,4.542955860351287
molebert,MoleBERT,1459,1208,common_random,1.1885117292404177,2.559830790498048
molebert,MoleBERT,411,166,common_random,0.4668508470058441,5.877144042279207
molebert,MoleBERT,522,1130,common_random,1.878430247306824,9.74143903634162
molebert,MoleBERT,1137,1030,common_random,1.444298505783081,2.4359998605295066
molebert,MoleBERT,890,1210,common_random,1.1539254188537598,1.683371337965105
molebert,MoleBERT,242,1456,common_random,1.5963397026062012,14.938237982817158
molebert,MoleBERT,1152,331,common_random,1.8852736949920652,5.893945415547126
molebert,MoleBERT,181,1080,common_random,1.8683600425720213,23.93558240729756
molebert,MoleBERT,1081,1965,common_random,2.2572736740112305,8.53375531585217
molebert,MoleBERT,280,1619,common_random,1.9570703506469729,6.9092706441627145
molebert,MoleBERT,1562,2019,common_random,2.084463834762573,22.50823432766336
molebert,MoleBERT,1454,1689,common_random,1.1743831634521484,6.0299326980026215
molebert,MoleBERT,1796,500,common_random,1.8138673305511477,8.877684696392297
molebert,MoleBERT,959,872,common_random,0.943230152130127,0.9011181618769476
molebert,MoleBERT,1909,418,common_random,1.9156618118286133,8.586526922769965
molebert,MoleBERT,903,472,common_random,1.795053482055664,2.891127594313426
molebert,MoleBERT,488,167,common_random,1.133460521697998,6.457787768392933
molebert,MoleBERT,174,1848,common_random,2.007784843444824,26.920820017633577
molebert,MoleBERT,1637,1141,common_random,1.4687844514846802,3.7132168456796446
molebert,MoleBERT,669,1634,common_random,1.7682889699935913,10.41960537993772
molebert,MoleBERT,703,1645,common_random,1.706743597984314,25.144239660206217
molebert,MoleBERT,1826,440,common_random,2.0357415676116943,31.02939601751246
molebert,MoleBERT,1745,1379,common_random,1.4652808904647827,2.495946582030648
molebert,MoleBERT,1141,607,common_random,1.8770111799240112,11.768915019248391
molebert,MoleBERT,1851,649,common_random,1.7575668096542358,24.93917229747369
molebert,MoleBERT,1324,72,common_random,2.0737147331237797,17.3424218112296
molebert,MoleBERT,1414,1328,common_random,1.3286707401275637,1.784899893668834
molebert,MoleBERT,360,1309,common_random,1.2503749132156372,14.629485500698983
molebert,MoleBERT,678,1032,common_random,1.765249490737915,6.883891605583052
molebert,MoleBERT,1693,364,common_random,1.7744486331939695,2.5498767260954622
molebert,MoleBERT,1135,950,common_random,1.835726857185364,4.3576814569385975
molebert,MoleBERT,940,879,common_random,1.5867620706558228,3.153739980444617
molebert,MoleBERT,1464,917,common_random,1.4388973712921145,4.2255790564130296
molebert,MoleBERT,1829,1051,common_random,1.2828553915023804,1.687161644107879
molebert,MoleBERT,2019,940,common_random,1.8583543300628664,21.00163555633537
molebert,MoleBERT,1582,582,common_random,2.278390884399414,25.970371482733107
molebert,MoleBERT,1142,77,common_random,2.0294783115386963,15.62706574587583
molebert,MoleBERT,18,229,common_random,1.2362630367279053,11.796949510759193
molebert,MoleBERT,126,1427,common_random,1.843155026435852,25.45286680296508
molebert,MoleBERT,972,1776,common_random,1.6260921955108645,5.164205758117487
molebert,MoleBERT,906,1600,common_random,1.1801539659500122,2.2973127716079644
molebert,MoleBERT,408,1283,common_random,1.553465485572815,3.0452033988907816
molebert,MoleBERT,1836,1502,common_random,2.2605154514312744,2.798532207220872
molebert,MoleBERT,692,1283,common_random,1.4013183116912842,22.741440261676512
molebert,MoleBERT,1305,1480,common_random,1.265960931777954,0.79716097128377
molebert,MoleBERT,30,982,common_random,1.960254549980164,10.845423640685723
molebert,MoleBERT,852,1670,common_random,1.429853439331055,2.511631513065748
molebert,MoleBERT,1663,1234,common_random,1.7975096702575684,2.539627623348312
molebert,MoleBERT,622,973,common_random,2.04492712020874,6.333805506209669
molebert,MoleBERT,1827,595,common_random,1.7229708433151243,14.035852699570972
molebert,MoleBERT,1204,1438,common_random,1.4382692575454712,4.124974372740546
molebert,MoleBERT,251,980,common_random,2.0041651725769043,2.287225466600618
molebert,MoleBERT,669,581,common_random,1.1031707525253296,2.955003571562086
molebert,MoleBERT,2021,1213,common_random,1.967971920967102,16.444449968187378
molebert,MoleBERT,399,1839,common_random,2.012712001800537,28.921872009125263
molebert,MoleBERT,166,428,common_random,1.2602717876434326,23.548231322208096
molebert,MoleBERT,1215,1398,common_random,1.0097171068191528,2.3515236189139275
molebert,MoleBERT,1120,596,common_random,1.8635969161987305,9.01997210828828
molebert,MoleBERT,1044,1842,common_random,1.2880258560180664,1.6846613489956843
molebert,MoleBERT,553,1067,common_random,1.9808833599090576,16.348641547711647
molebert,MoleBERT,1261,1099,common_random,0.8656023740768433,2.1208219849105947
molebert,MoleBERT,1410,1843,common_random,1.238891839981079,1.4403744322195542
molebert,MoleBERT,1593,1325,common_random,1.878624677658081,6.969757660903927
molebert,MoleBERT,1588,1753,common_random,1.5342204570770264,3.447806810072813
molebert,MoleBERT,684,1740,common_random,1.9341076612472532,27.48957910692395
molebert,MoleBERT,1477,848,common_random,1.3848475217819214,1.7959758536262769
molebert,MoleBERT,604,229,common_random,0.8066011667251587,10.327037874197746
molebert,MoleBERT,267,1242,common_random,1.5660555362701416,4.947212102682308
molebert,MoleBERT,1664,1669,common_random,1.7909969091415403,2.3333556386405445
molebert,MoleBERT,47,394,common_random,1.0007425546646118,15.261318201824064
molebert,MoleBERT,973,1826,common_random,2.142504930496216,2.3650177861594104
molebert,MoleBERT,823,295,common_random,1.84729528427124,6.020428161377539
molebert,MoleBERT,46,1598,common_random,1.0847768783569336,10.975404574916178
molebert,MoleBERT,1044,1568,common_random,1.1389966011047363,2.053223436673369
molebert,MoleBERT,1084,1484,common_random,1.333186149597168,3.106799597105471
molebert,MoleBERT,274,1135,common_random,1.3924124240875244,12.64677632531992
molebert,MoleBERT,1611,1556,common_random,1.3785407543182373,1.8817690192063252
molebert,MoleBERT,1099,1149,common_random,0.7147387862205505,3.319057111670249
molebert,MoleBERT,1578,1457,common_random,1.59476637840271,1.243466124343195
molebert,MoleBERT,274,1567,common_random,1.5247520208358765,16.196170087595274
molebert,MoleBERT,1243,1452,common_random,1.3078471422195437,4.781066024859599
molebert,MoleBERT,585,1193,common_random,1.5934312343597412,23.5269645225112
molebert,MoleBERT,1113,1604,common_random,0.898777186870575,3.917205358815488
molebert,MoleBERT,1089,1759,common_random,1.5819720029830933,4.733063659582804
molebert,MoleBERT,128,666,common_random,0.5195529460906982,2.282064339621517
molebert,MoleBERT,64,418,common_random,0.9693975448608398,5.396036829183376
molebert,MoleBERT,393,447,common_random,0.8681202530860901,4.251289846147632
molebert,MoleBERT,1229,641,common_random,2.0721023082733154,21.71347323843691
molebert,MoleBERT,1207,1058,common_random,1.5913057327270508,4.126226833025116
molebert,MoleBERT,1302,418,common_random,1.6057369709014893,14.520001997880785
molebert,MoleBERT,99,1741,common_random,1.8608942031860352,2.816505011995948
molebert,MoleBERT,1586,1705,common_random,1.448056697845459,5.069881692190828
molebert,MoleBERT,950,345,common_random,1.8956987857818604,24.539017010677007
molebert,MoleBERT,1148,1181,common_random,1.3719640970230105,4.747037457730506
molebert,MoleBERT,1310,1718,common_random,1.6864643096923828,1.5015479050747655
molebert,MoleBERT,958,701,common_random,1.9681589603424072,7.104283768725172
molebert,MoleBERT,1121,1481,common_random,1.5593699216842651,1.7229455671841258
molebert,MoleBERT,308,1297,common_random,1.6918115615844729,2.095097903644427
molebert,MoleBERT,1038,1864,common_random,1.5470077991485596,5.947963941818404
molebert,MoleBERT,1665,250,common_random,1.9001532793045044,21.03357061380508
molebert,MoleBERT,1397,1603,common_random,1.2759478092193604,4.5709018484950175
molebert,MoleBERT,1620,501,common_random,1.884493470191956,14.037055890545004
molebert,MoleBERT,251,1666,common_random,1.816720485687256,1.7933784897569822
molebert,MoleBERT,1769,2122,common_random,1.204180359840393,4.539899236202992
molebert,MoleBERT,678,1184,common_random,1.9011355638504028,5.8545985940276815
molebert,MoleBERT,1816,357,common_random,1.720832109451294,19.22355493025599
molebert,MoleBERT,1718,1687,common_random,0.6009259223937988,2.329970746385161
molebert,MoleBERT,1720,912,common_random,1.396473050117493,4.964247627768321
molebert,MoleBERT,1584,379,common_random,2.0232558250427246,22.539517063794516
molebert,MoleBERT,536,1788,common_random,1.866950273513794,21.267899917977733
molebert,MoleBERT,943,527,common_random,1.9790114164352417,8.353442100390103
molebert,MoleBERT,1061,1558,common_random,1.3220399618148804,2.457703545927204
molebert,MoleBERT,590,43,common_random,1.3810352087020874,11.553150710774418
molebert,MoleBERT,1179,1185,common_random,0.9549790620803832,1.645541183162079
molebert,MoleBERT,923,1630,common_random,1.2975469827651978,2.535287607683633
molebert,MoleBERT,1436,543,common_random,1.838476061820984,18.48136629506691
molebert,MoleBERT,1417,278,common_random,1.7027894258499146,9.271211673321991
molebert,MoleBERT,1427,150,common_random,1.8045921325683596,3.738897773073404
molebert,MoleBERT,1852,237,common_random,1.6584477424621582,27.44454712623823
molebert,MoleBERT,1301,1620,common_random,1.5106145143508911,3.572738940481468
molebert,MoleBERT,916,1473,common_random,1.5153886079788208,1.971612912883312
molebert,MoleBERT,829,1292,common_random,1.4127390384674072,1.777834685230257
molebert,MoleBERT,292,883,common_random,1.5615912675857544,13.235207445500407
molebert,MoleBERT,525,1882,common_random,1.2371625900268557,3.7615823760130542
molebert,MoleBERT,635,571,common_random,1.0550849437713623,3.8690062273845167
molebert,MoleBERT,1217,1128,common_random,0.9389675259590148,1.876002945117971
molebert,MoleBERT,1852,819,common_random,1.6077481508255005,3.883152793660599
molebert,MoleBERT,1752,1127,common_random,1.2116971015930176,1.4452868977511877
molebert,MoleBERT,1572,1603,common_random,1.6395186185836792,4.764428706484336
molebert,MoleBERT,525,19,common_random,0.9225260019302368,3.413498923228768
molebert,MoleBERT,1813,1469,common_random,1.6498702764511108,1.1837317731672554
molebert,MoleBERT,383,1471,common_random,1.814136028289795,1.9802708341537223
molebert,MoleBERT,536,1651,common_random,1.806912541389465,24.889185194169485
molebert,MoleBERT,1562,1057,common_random,1.3547825813293457,2.007142470076112
molebert,MoleBERT,30,150,common_random,0.9851158261299132,4.750340253191715
molebert,MoleBERT,387,1297,common_random,1.663153886795044,8.820361373074363
molebert,MoleBERT,422,1541,common_random,1.694637894630432,10.283519601350068
molebert,MoleBERT,269,1239,common_random,1.8986936807632449,22.169600970854432
molebert,MoleBERT,380,1776,common_random,1.814314126968384,2.4312276328559026
molebert,MoleBERT,1980,1882,common_random,2.1693553924560547,6.39545367084879
molebert,MoleBERT,894,1080,common_random,1.549828290939331,2.9712166454752875
molebert,MoleBERT,1290,1317,common_random,1.249995231628418,0.866735288245919
molebert,MoleBERT,1986,1211,common_random,1.9378315210342407,14.8362655565279
molebert,MoleBERT,877,1111,common_random,1.4211994409561155,2.679506391321094
molebert,MoleBERT,1165,1581,common_random,1.4371819496154783,6.619715890481251
molebert,MoleBERT,802,1103,common_random,1.3210537433624268,4.963892925176502
molebert,MoleBERT,1663,590,common_random,1.9407403469085691,5.821045740820808
molebert,MoleBERT,1174,1080,common_random,0.9591631293296814,4.03260827303325
molebert,MoleBERT,1030,1608,common_random,1.354987382888794,6.391208846975082
molebert,MoleBERT,1416,321,common_random,1.7451732158660889,12.226213865180434
molebert,MoleBERT,1454,220,common_random,1.6315888166427612,6.811338520406546
molebert,MoleBERT,1631,1820,common_random,1.5037760734558103,2.33568928447156
molebert,MoleBERT,1164,1488,common_random,1.7314823865890503,6.830934428205703
molebert,MoleBERT,916,682,common_random,1.481992244720459,18.42816685154067
molebert,MoleBERT,1306,819,common_random,1.426775574684143,2.0628811521567108
molebert,MoleBERT,665,77,common_random,1.391444206237793,4.263672869860413
molebert,MoleBERT,1326,1164,common_random,1.5993465185165403,4.764245806414214
molebert,MoleBERT,943,425,common_random,1.8694051504135127,15.712539517010006
molebert,MoleBERT,1719,891,common_random,1.4570733308792114,2.365076987890599
molebert,MoleBERT,215,1664,common_random,1.9214181900024412,5.978532449363028
molebert,MoleBERT,1216,1032,common_random,1.5508499145507812,2.32955921151013
molebert,MoleBERT,521,1175,common_random,1.7350075244903564,17.06864968022172
molebert,MoleBERT,1485,954,common_random,1.635234236717224,4.017578155177418
molebert,MoleBERT,1306,1081,common_random,1.1819018125534058,3.344661127374027
molebert,MoleBERT,1150,1931,common_random,2.393190622329712,9.987710133536956
molebert,MoleBERT,1221,265,common_random,1.7891172170639038,5.848147505890321
molebert,MoleBERT,1043,1049,common_random,0.8742808103561401,2.789918398459858
molebert,MoleBERT,943,1214,common_random,1.686577320098877,1.0830041808745012
molebert,MoleBERT,265,1502,common_random,2.014691114425659,4.746612100271755
molebert,MoleBERT,1738,1146,common_random,1.132130146026611,1.8110837312651544
molebert,MoleBERT,1152,1493,common_random,1.617706060409546,2.2963275958351583
molebert,MoleBERT,1481,1599,common_random,1.451465725898743,2.606423558068579
molebert,MoleBERT,1296,662,common_random,1.87190043926239,9.379011814339256
molebert,MoleBERT,622,1146,common_random,1.7201002836227417,7.872584547757839
molebert,MoleBERT,1403,1298,common_random,1.588809847831726,1.9909905090185545
molebert,MoleBERT,1575,759,common_random,2.06229829788208,24.682118713514992
molebert,MoleBERT,1698,1653,common_random,1.4162591695785522,7.084437980081049
molebert,MoleBERT,1806,1980,common_random,2.1181883811950684,12.986363381398542
molebert,MoleBERT,1170,233,common_random,1.7887119054794312,4.253521042681595
molebert,MoleBERT,1823,1747,common_random,1.3088912963867188,2.0910483161869937
molebert,MoleBERT,1445,596,common_random,1.7598119974136353,6.287593587757398
molebert,MoleBERT,886,1621,common_random,1.5068756341934204,3.594783765893523
molebert,MoleBERT,1719,269,common_random,1.862648606300354,20.227137598341127
molebert,MoleBERT,1741,1592,common_random,1.5150146484375,5.904092363774215
molebert,MoleBERT,1841,1470,common_random,1.7625023126602173,2.421944123023074
molebert,MoleBERT,47,1040,common_random,1.7693161964416504,19.055765623333507
molebert,MoleBERT,585,607,common_random,0.5525941252708435,13.950595062446036
molebert,MoleBERT,633,882,common_random,1.727046251296997,15.87141027093839
molebert,MoleBERT,344,2011,common_random,1.920162558555603,15.168099169547077
molebert,MoleBERT,641,284,common_random,1.0543996095657349,12.958273301425944
molebert,MoleBERT,641,1482,common_random,2.11120343208313,19.133437574374863
molebert,MoleBERT,1254,491,common_random,1.804720997810364,17.477154544594082
molebert,MoleBERT,866,1130,common_random,1.371995210647583,1.6590560364180875
molebert,MoleBERT,1137,1044,common_random,1.3678935766220093,2.804551146184631
molebert,MoleBERT,975,1330,common_random,1.4458816051483154,1.6660481494231705
molebert,MoleBERT,525,297,common_random,0.8712897896766663,8.62474159667726
molebert,MoleBERT,1797,1103,common_random,1.145735740661621,1.3311756930349397
molebert,MoleBERT,607,1711,common_random,1.7199571132659912,9.959790279633944
molebert,MoleBERT,960,1454,common_random,1.7531102895736694,1.2900703268076754
molebert,MoleBERT,2000,1579,common_random,2.192828893661499,5.002899014870665
molebert,MoleBERT,448,54,common_random,0.8111580610275269,3.4238404989999816
molebert,MoleBERT,1641,508,common_random,1.7273067235946655,15.999259940099495
molebert,MoleBERT,1636,225,common_random,1.733550190925598,9.075411009749974
molebert,MoleBERT,1111,1469,common_random,0.8259339332580566,1.5747400455366023
molebert,MoleBERT,200,1254,common_random,1.851103901863098,2.3063808161855537
molebert,MoleBERT,1195,1392,common_random,1.3779306411743164,3.1424663498994687
molebert,MoleBERT,1753,1776,common_random,1.559468388557434,4.895429022915589
molebert,MoleBERT,571,1542,common_random,1.6556715965270996,10.039366646379472
molebert,MoleBERT,1398,832,common_random,1.2770719528198242,7.079985023912434
molebert,MoleBERT,143,235,common_random,0.6699443459510803,11.464285138369302
molebert,MoleBERT,1046,1061,common_random,1.567952036857605,2.75447596623554
molebert,MoleBERT,441,556,common_random,0.8276271224021912,13.260891481937795
molebert,MoleBERT,1491,1760,common_random,1.7585604190826416,2.276142741119665
molebert,MoleBERT,1612,1615,common_random,0.90547114610672,2.3038280868632546
molebert,MoleBERT,1237,1719,common_random,1.268509030342102,2.554929182954764
molebert,MoleBERT,480,229,common_random,1.2141345739364624,2.858613130197737
molebert,MoleBERT,274,1035,common_random,1.7760754823684692,14.938554810686773
molebert,MoleBERT,1786,572,common_random,1.717890977859497,10.503096546791262
molebert,MoleBERT,1061,1813,common_random,1.2961432933807373,1.373532520777704
molebert,MoleBERT,281,1676,common_random,1.826324462890625,10.0750673326484
molebert,MoleBERT,1710,184,common_random,1.8641337156295776,21.54979377825445
molebert,MoleBERT,1156,449,common_random,1.6990009546279907,24.848709853153192
molebert,MoleBERT,1130,936,common_random,1.716227650642395,1.920116201604612
molebert,MoleBERT,679,309,common_random,0.8515021800994873,12.714335597279527
molebert,MoleBERT,2019,918,common_random,1.7941049337387085,18.30875387056067
molebert,MoleBERT,527,746,common_random,1.1757704019546509,14.53416034580001
molebert,MoleBERT,525,1450,common_random,1.8439958095550537,9.368200066432957
molebert,MoleBERT,433,1314,common_random,2.051355361938477,27.9315938826559
molebert,MoleBERT,1299,1752,common_random,1.5296238660812378,3.724234276578812
molebert,MoleBERT,433,1495,common_random,2.3298327922821045,28.75058423123308
molebert,MoleBERT,1146,1631,common_random,1.58949613571167,1.154902889834685
molebert,MoleBERT,671,1395,common_random,1.8800188302993772,18.523473587111923
molebert,MoleBERT,1840,1481,common_random,1.69464910030365,1.2447798818842744
molebert,MoleBERT,3,1532,common_random,2.085857629776001,32.5776355366373
molebert,MoleBERT,1725,1583,common_random,1.2414467334747314,1.9605400523266885
molebert,MoleBERT,1491,558,common_random,1.6757910251617432,7.074207155306816
molebert,MoleBERT,1187,994,common_random,1.0359253883361816,2.2820344460624624
molebert,MoleBERT,47,131,common_random,0.8395931124687195,8.514073109353165
molebert,MoleBERT,1640,1203,common_random,1.1801705360412598,1.4479124331230304
molebert,MoleBERT,544,1060,common_random,2.0006308555603027,11.018937403394808
molebert,MoleBERT,968,1231,common_random,1.3730398416519165,1.83060006306022
molebert,MoleBERT,1583,1307,common_random,1.9182833433151243,2.4185370264184445
molebert,MoleBERT,1460,1592,common_random,1.6836522817611694,6.630560588004624
molebert,MoleBERT,543,186,common_random,0.6734095215797424,17.22541577718041
molebert,MoleBERT,863,1825,common_random,1.530969262123108,2.5680251472446387
molebert,MoleBERT,1785,180,common_random,1.7826658487319946,9.851789243350243
molebert,MoleBERT,134,452,common_random,1.4869059324264526,25.012149516998715
molebert,MoleBERT,1303,1469,common_random,1.7985109090805054,1.7309628387358826
molebert,MoleBERT,1210,887,common_random,1.4301199913024902,1.6337188180848727
molebert,MoleBERT,1058,322,common_random,1.6326195001602173,3.4052897269421987
molebert,MoleBERT,265,558,common_random,1.0043597221374512,1.8353534098993864
molebert,MoleBERT,1210,181,common_random,1.7707704305648804,29.39554859802026
molebert,MoleBERT,1046,1168,common_random,1.44399893283844,1.7366070003779848
molebert,MoleBERT,1617,290,common_random,1.54594624042511,8.177318888778077
molebert,MoleBERT,1476,1836,common_random,1.559669852256775,1.9334473110077368
molebert,MoleBERT,430,153,common_random,1.157866358757019,11.297284491046996
molebert,MoleBERT,1822,553,common_random,1.5394278764724731,17.74275438229842
molebert,MoleBERT,1718,1033,common_random,1.2512860298156738,1.669386664555162
molebert,MoleBERT,1152,1632,common_random,1.1710880994796753,2.179854726356304
molebert,MoleBERT,2000,170,common_random,1.9401897192001345,3.3937174366562424
molebert,MoleBERT,430,72,common_random,1.3700791597366333,4.983127946785833
molebert,MoleBERT,1488,393,common_random,2.1654646396636963,12.246267294265156
molebert,MoleBERT,1209,1618,common_random,1.3933892250061035,4.385636787715819
molebert,MoleBERT,43,1676,common_random,2.2268080711364746,15.529928088564168
molebert,MoleBERT,36,1055,common_random,1.94102144241333,27.14752211690889
molebert,MoleBERT,1612,1806,common_random,1.3617702722549438,2.6620574505021923
molebert,MoleBERT,1317,1502,common_random,2.111722707748413,2.594953841210301
molebert,MoleBERT,150,1464,common_random,1.761283278465271,7.679504500254247
molebert,MoleBERT,1497,1846,common_random,1.6997593641281128,0.8287195411535312
molebert,MoleBERT,1629,421,common_random,1.7265658378601074,4.914696717645675
molebert,MoleBERT,1039,530,common_random,1.64352285861969,24.009656492215136
molebert,MoleBERT,1258,1392,common_random,1.1608006954193115,5.68429113068649
molebert,MoleBERT,479,1615,common_random,1.6403058767318726,19.4662785848586
molebert,MoleBERT,557,138,common_random,0.7471829652786255,17.402923311540498
molebert,MoleBERT,1348,684,common_random,1.8431081771850584,25.73859300329805
molebert,MoleBERT,1328,134,common_random,1.9904049634933472,11.454449451147388
molebert,MoleBERT,1160,364,common_random,1.6214596033096311,1.400824134320536
molebert,MoleBERT,422,1726,common_random,2.024639844894409,14.364839104737614
molebert,MoleBERT,917,542,common_random,1.365809202194214,11.230404400893883
molebert,MoleBERT,177,1312,common_random,1.7506887912750244,5.255483291709891
molebert,MoleBERT,1469,1641,common_random,1.4346977472305298,1.1579892987592464
molebert,MoleBERT,1738,712,common_random,1.758952260017395,23.80849391793856
molebert,MoleBERT,1413,545,common_random,2.0482640266418457,29.115699308920437
molebert,MoleBERT,428,1309,common_random,1.614850997924805,7.15861181760947
molebert,MoleBERT,307,1835,common_random,1.776548147201538,14.158582174529416
molebert,MoleBERT,1616,1464,common_random,1.2259753942489624,4.800196839147267
molebert,MoleBERT,1740,248,common_random,1.8859202861785889,6.934232662135611
molebert,MoleBERT,134,1642,common_random,1.946826934814453,12.58354658931158
molebert,MoleBERT,448,1478,common_random,1.7659261226654053,13.324757559460323
molebert,MoleBERT,1384,1046,common_random,1.0840132236480713,1.4444454449330797
molebert,MoleBERT,903,1532,common_random,1.218485713005066,4.849876190720793
molebert,MoleBERT,1903,1397,common_random,2.3132572174072266,5.361237915713459
molebert,MoleBERT,590,667,common_random,1.114179015159607,2.865599718282439
molebert,MoleBERT,1407,452,common_random,1.622663140296936,37.85156366190847
molebert,MoleBERT,1742,1741,common_random,0.587870180606842,1.286606371826942
molebert,MoleBERT,490,469,common_random,1.01459801197052,12.31841379549934
molebert,MoleBERT,116,1198,common_random,1.904994249343872,30.5347896812484
molebert,MoleBERT,1421,963,common_random,1.837144136428833,8.994995890202846
molebert,MoleBERT,220,1448,common_random,1.817669153213501,4.7461693586214375
molebert,MoleBERT,895,400,common_random,1.6067627668380735,6.299867359092017
molebert,MoleBERT,1326,1810,common_random,1.352278470993042,1.29015943688436
molebert,MoleBERT,950,393,common_random,1.839547872543335,10.62421624874177
molebert,MoleBERT,233,1225,common_random,1.789825439453125,10.433593161709716
molebert,MoleBERT,1341,1048,common_random,1.3116612434387207,2.269181691299889
molebert,MoleBERT,352,1108,common_random,1.6969490051269531,20.49741211459841
molebert,MoleBERT,545,890,common_random,1.976898550987244,29.64109789491673
molebert,MoleBERT,1497,1629,common_random,1.330500841140747,1.9144436520425527
molebert,MoleBERT,982,322,common_random,1.7480636835098269,2.12205170326674
molebert,MoleBERT,1221,963,common_random,1.66915762424469,0.817535425730167
molebert,MoleBERT,1686,1199,common_random,1.253489375114441,3.152530223936542
molebert,MoleBERT,1144,433,common_random,1.9717271327972408,24.89042211256967
molebert,MoleBERT,1716,539,common_random,1.8600187301635744,19.019517435833325
molebert,MoleBERT,1703,1052,common_random,1.1580324172973633,4.918858265561482
molebert,MoleBERT,39,213,common_random,0.7427468299865723,7.390327340676216
molebert,MoleBERT,1730,534,common_random,1.729196548461914,12.894967888956346
molebert,MoleBERT,129,585,common_random,1.418796420097351,6.370612392821822
molebert,MoleBERT,308,1291,common_random,1.8622679710388184,4.592667748807589
molebert,MoleBERT,1446,676,common_random,1.839971661567688,21.764907872546495
molebert,MoleBERT,1996,1306,common_random,1.688077449798584,26.091327348367336
molebert,MoleBERT,111,678,common_random,1.2513140439987185,14.851566157790376
molebert,MoleBERT,923,564,common_random,1.5171068906784058,13.591745289316586
molebert,MoleBERT,1482,1562,common_random,1.2998477220535278,2.5873697453574143
molebert,MoleBERT,1546,1614,common_random,1.0548967123031616,1.0239213423369815
molebert,MoleBERT,237,306,common_random,0.8796457052230835,18.581250761349096
molebert,MoleBERT,833,1489,common_random,1.5217493772506714,4.378096139069974
molebert,MoleBERT,496,1469,common_random,1.961517333984375,20.422915150576088
molebert,MoleBERT,1111,1827,common_random,1.503008484840393,2.490930794671212
molebert,MoleBERT,1542,558,common_random,1.7646480798721311,5.814023770986004
molebert,MoleBERT,1739,1396,common_random,1.0688068866729736,3.688316651769043
molebert,MoleBERT,1545,1785,common_random,1.4056525230407717,0.8545813367537184
molebert,MoleBERT,820,1188,common_random,0.6499667167663574,2.399748839289097
molebert,MoleBERT,1896,1157,common_random,0.79395991563797,3.710828561146895
molebert,MoleBERT,1160,832,common_random,1.48724627494812,2.786334158704812
molebert,MoleBERT,448,1398,common_random,1.7522990703582764,14.61613820904936
molebert,MoleBERT,1840,1642,common_random,1.9440059661865237,1.4686540987451184
molebert,MoleBERT,140,1231,common_random,1.8863160610198972,12.681559127029384
molebert,MoleBERT,1119,72,common_random,1.6740739345550537,14.704746121566464
molebert,MoleBERT,1695,1304,common_random,1.5660033226013184,4.0998947505190255
molebert,MoleBERT,1658,1590,common_random,1.6551861763000488,3.105582466591872
molebert,MoleBERT,498,1140,common_random,1.9778026342391968,6.074950936376116
molebert,MoleBERT,298,981,common_random,1.752127766609192,23.758740354098684
molebert,MoleBERT,574,128,common_random,0.9086437225341796,1.4333877555033925
molebert,MoleBERT,363,1645,common_random,1.9432711601257324,9.682446486212536
molebert,MoleBERT,1636,1400,common_random,1.293160915374756,1.723851645033684
molebert,MoleBERT,452,556,common_random,1.428923487663269,27.738241625544088
molebert,MoleBERT,1258,47,common_random,1.5395641326904297,12.884439515397789
molebert,MoleBERT,893,387,common_random,1.9073516130447388,10.458343448320246
molebert,MoleBERT,1090,536,common_random,1.910602331161499,20.88450206706384
molebert,MoleBERT,234,399,common_random,0.6737282276153564,26.461725363745963
molebert,MoleBERT,671,1318,common_random,1.8953105211257932,19.49460032738091
molebert,MoleBERT,926,1208,common_random,1.1727246046066284,1.9151714451385515
molebert,MoleBERT,1175,1229,common_random,1.4460337162017822,3.9116900223094033
molebert,MoleBERT,1833,281,common_random,1.9741958379745483,12.065627728988629
molebert,MoleBERT,1718,1170,common_random,1.2411293983459473,3.154523742679212
molebert,MoleBERT,1476,1138,common_random,0.8608714938163757,1.0752928748887332
molebert,MoleBERT,849,346,common_random,1.426677107810974,16.880797550948614
molebert,MoleBERT,1090,1502,common_random,1.4594976902008057,4.3167690665842855
molebert,MoleBERT,970,1734,common_random,1.903591275215149,1.4954525124983191
molebert,MoleBERT,1828,1441,common_random,1.4134809970855713,3.706942641856032
molebert,MoleBERT,546,115,common_random,1.4311072826385498,44.61601725427438
molebert,MoleBERT,1033,1393,common_random,1.4691776037216189,2.192459872005204
molebert,MoleBERT,877,910,common_random,1.416069746017456,5.986184019079189
molebert,MoleBERT,1718,527,common_random,1.657991886138916,6.947460868312483
molebert,MoleBERT,1212,649,common_random,1.6607612371444702,24.653182967516088
molebert,MoleBERT,3,1839,common_random,2.0873825550079346,34.55369088219878
molebert,MoleBERT,663,0,common_random,1.5271756649017334,2.1924102435104538
molebert,MoleBERT,632,679,common_random,0.5914099812507629,15.33915778603507
molebert,MoleBERT,1573,544,common_random,1.7344601154327393,10.61057908558704
molebert,MoleBERT,1054,390,common_random,1.810788869857788,8.240222487191767
molebert,MoleBERT,1047,545,common_random,1.9146578311920168,26.782715421063937
molebert,MoleBERT,1714,1315,common_random,1.5411165952682495,5.098825262142729
molebert,MoleBERT,1057,654,common_random,1.8884364366531368,18.68219182682215
molebert,MoleBERT,1788,472,common_random,1.754771113395691,2.870135072509856
molebert,MoleBERT,1184,1447,common_random,1.0711865425109863,1.2817000833248051
molebert,MoleBERT,1319,907,common_random,1.5874454975128174,1.976534479447278
molebert,MoleBERT,893,2000,common_random,2.123060464859009,6.714861845550398
molebert,MoleBERT,1601,1158,common_random,1.325530171394348,5.97139259258334
molebert,MoleBERT,404,1614,common_random,1.716170072555542,10.60073933192096
molebert,MoleBERT,251,331,common_random,0.9179250001907348,6.457708269726468
molebert,MoleBERT,678,1454,common_random,1.8248858451843264,7.401408040379064
molebert,MoleBERT,1931,944,common_random,2.2680883407592773,7.50634612320624
molebert,MoleBERT,1421,1227,common_random,1.4463324546813965,10.612556868799809
molebert,MoleBERT,1618,175,common_random,1.6376187801361084,25.764202859696997
molebert,MoleBERT,1841,271,common_random,1.7817869186401367,2.8355862880962284
molebert,MoleBERT,874,1764,common_random,1.344336986541748,2.985055242071981
molebert,MoleBERT,1696,678,common_random,1.98102343082428,4.627810514732197
molebert,MoleBERT,1647,712,common_random,1.6874732971191406,21.253728067143708
molebert,MoleBERT,1110,498,common_random,1.7860345840454102,4.012666570690202
molebert,MoleBERT,1793,1495,common_random,1.5420492887496948,4.817083353013265
molebert,MoleBERT,1986,152,common_random,2.060487985610962,3.821813776420642
molebert,MoleBERT,1603,150,common_random,1.7155293226242063,4.653382192381349
molebert,MoleBERT,1719,1392,common_random,1.258746862411499,1.955487356980383
molebert,MoleBERT,206,746,common_random,1.1906461715698242,15.29816617906658
molebert,MoleBERT,1208,249,common_random,1.7054632902145386,29.26479166606249
molebert,MoleBERT,1118,308,common_random,1.6935877799987793,3.835370320561255
molebert,MoleBERT,1480,1787,common_random,1.593252658843994,2.7070453292530705
molebert,MoleBERT,1581,1723,common_random,1.524325966835022,3.3001105577504006
molebert,MoleBERT,1587,1632,common_random,1.2847964763641355,2.3767951177254907
molebert,MoleBERT,540,1631,common_random,1.7653142213821411,14.792478929867196
molebert,MoleBERT,383,1035,common_random,1.7605928182601929,1.429477938590622
molebert,MoleBERT,532,287,common_random,0.852724015712738,18.511119218964613
molebert,MoleBERT,860,1898,common_random,1.5214093923568726,9.153318156809195
molebert,MoleBERT,1124,357,common_random,1.8158226013183596,17.822171931224126
molebert,MoleBERT,1608,883,common_random,1.458708882331848,6.869401672544639
molebert,MoleBERT,1732,331,common_random,1.6863304376602173,5.032515741472406
molebert,MoleBERT,254,1579,common_random,1.71483314037323,13.627649596737346
molebert,MoleBERT,2015,1722,common_random,1.6463803052902222,21.408883698634398
molebert,MoleBERT,1573,1675,common_random,1.5917831659317017,1.0576026595640386
molebert,MoleBERT,933,355,common_random,1.861477971076965,12.258444767932923
molebert,MoleBERT,1758,271,common_random,1.8006075620651243,4.041391533838249
molebert,MoleBERT,1238,490,common_random,1.819855570793152,15.513447821435044
molebert,MoleBERT,444,1690,common_random,1.6208746433258057,2.7765256515155867
molebert,MoleBERT,1111,1810,common_random,1.2331892251968384,1.1382201230333855
molebert,MoleBERT,426,1416,common_random,1.6647714376449585,2.8596046230012413
molebert,MoleBERT,953,47,common_random,1.862859129905701,17.888385341585384
molebert,MoleBERT,1020,1048,common_random,1.3342410326004028,1.3868784752099317
molebert,MoleBERT,671,259,common_random,0.5887401103973389,15.32197524263156
molebert,MoleBERT,1864,1215,common_random,1.3616726398468018,8.699615851587689
molebert,MoleBERT,1702,483,common_random,1.6078940629959106,5.819470177981522
molebert,MoleBERT,1402,1563,common_random,1.1679551601409912,1.8206780712024029
molebert,MoleBERT,1754,1615,common_random,1.302704095840454,5.03725880667372
molebert,MoleBERT,1468,1841,common_random,1.867581367492676,2.04146748376977
molebert,MoleBERT,600,1229,common_random,1.7605950832366943,14.36712493536381
molebert,MoleBERT,1610,394,common_random,1.6198526620864868,1.8391846288520977
molebert,MoleBERT,274,1733,common_random,1.891499638557434,14.393923111435774
molebert,MoleBERT,849,295,common_random,1.7861508131027222,11.337884248415593
molebert,MoleBERT,1841,1241,common_random,1.6948868036270142,2.3765810943420176
molebert,MoleBERT,1862,559,common_random,1.2855788469314575,8.61346367368716
molebert,MoleBERT,308,322,common_random,0.8200141191482544,2.4812113927404944
molebert,MoleBERT,676,1655,common_random,1.828273892402649,22.78238963535521
molebert,MoleBERT,1639,1493,common_random,1.7966206073760986,2.751752055540285
molebert,MoleBERT,893,1786,common_random,1.3640302419662476,1.7372720008698928
molebert,MoleBERT,367,1454,common_random,1.926716685295105,4.079655834443033
molebert,MoleBERT,1130,39,common_random,1.973896026611328,9.46332889751008
molebert,MoleBERT,1958,565,common_random,1.6554367542266846,1.223642197547005
molebert,MoleBERT,1056,679,common_random,1.767348289489746,18.724914303469674
molebert,MoleBERT,524,1736,common_random,1.9311825037002563,17.98799412679981
molebert,MoleBERT,1563,1081,common_random,1.2080940008163452,6.070161555601704
molebert,MoleBERT,502,1179,common_random,1.752949357032776,6.274081355585792
molebert,MoleBERT,558,956,common_random,1.7714426517486572,7.419350762463663
molebert,MoleBERT,1398,482,common_random,1.9648725986480715,16.419344503998516
molebert,MoleBERT,1126,1846,common_random,1.242937684059143,1.9758036749491448
molebert,MoleBERT,1039,40,common_random,1.6772490739822388,19.89508764278968
molebert,MoleBERT,692,908,common_random,1.2723519802093506,16.574775478022836
molebert,MoleBERT,1728,1409,common_random,0.9309351444244384,1.990034687881159
molebert,MoleBERT,1965,1413,common_random,2.3119301795959477,13.44294517463291
molebert,MoleBERT,1078,1849,common_random,1.4788016080856323,5.872989411921116
molebert,MoleBERT,1081,294,common_random,1.6556663513183594,8.106772992900629
molebert,MoleBERT,1416,873,common_random,1.5725338459014893,1.7360210202374764
molebert,MoleBERT,1620,1138,common_random,1.1948390007019043,3.206629800749956
molebert,MoleBERT,1847,281,common_random,1.819935202598572,11.75732198437143
molebert,MoleBERT,1185,1802,common_random,0.8021861910820007,2.152011169787895
molebert,MoleBERT,1817,1128,common_random,1.4595695734024048,1.5442957768384926
molebert,MoleBERT,1056,1900,common_random,1.5342340469360352,7.527079516471844
molebert,MoleBERT,1682,883,common_random,1.5343003273010254,14.28512190201283
molebert,MoleBERT,1484,959,common_random,1.493687868118286,1.0864915821183223
molebert,MoleBERT,979,665,common_random,1.673750400543213,19.79174248566537
molebert,MoleBERT,109,1156,common_random,1.7995067834854126,45.82775099412916
molebert,MoleBERT,415,1909,common_random,1.9218865633010864,11.021143198489334
molebert,MoleBERT,1633,364,common_random,1.7701462507247925,5.833319227602586
molebert,MoleBERT,348,1797,common_random,1.7358709573745728,12.201608828371024
molebert,MoleBERT,1849,943,common_random,1.570218563079834,1.3139042523088766
molebert,MoleBERT,1909,1852,common_random,2.2809951305389404,6.109283370598422
molebert,MoleBERT,1829,1553,common_random,1.81609845161438,1.246212806108582
molebert,MoleBERT,1823,1835,common_random,0.7431282997131348,2.2219696986864435
molebert,MoleBERT,318,1620,common_random,1.583540678024292,10.944891896642588
molebert,MoleBERT,617,703,common_random,0.8723103404045105,13.60979209817299
molebert,MoleBERT,1583,1786,common_random,1.7386552095413208,2.2353868268429418
molebert,MoleBERT,1188,1764,common_random,1.6201709508895874,2.705850888253826
molebert,MoleBERT,1108,1916,common_random,1.8881235122680664,7.41372618997733
molebert,MoleBERT,1902,1487,common_random,2.422443628311157,6.887160346201365
molebert,MoleBERT,1239,490,common_random,1.87510347366333,15.73893631077788
molebert,MoleBERT,387,298,common_random,0.6413235068321228,15.936532031403065
molebert,MoleBERT,1835,1261,common_random,0.910728931427002,2.7011112601344776
molebert,MoleBERT,1314,1846,common_random,1.4103811979293823,1.4101599189061846
molebert,MoleBERT,1052,1599,common_random,1.1361593008041382,3.116586406995724
molebert,MoleBERT,201,780,common_random,0.9865150451660156,2.434264051554599
molebert,MoleBERT,1827,1787,common_random,0.7880281805992126,4.253372982950528
molebert,MoleBERT,937,1502,common_random,1.8176510334014893,2.783029357387784
molebert,MoleBERT,486,1463,common_random,1.904385447502136,23.26292511630806
molebert,MoleBERT,1556,134,common_random,1.8621519804000852,10.941066102028568
molebert,MoleBERT,503,201,common_random,1.2536200284957886,6.154577957119449
molebert,MoleBERT,957,1201,common_random,1.4077240228652954,2.0475396459339743
molebert,MoleBERT,1229,1472,common_random,1.890069842338562,4.27727642145378
molebert,MoleBERT,422,1047,common_random,1.841607451438904,10.74601998352697
molebert,MoleBERT,276,1703,common_random,1.6615173816680908,10.965897374407524
molebert,MoleBERT,936,1468,common_random,1.6787079572677612,2.1377871389744434
molebert,MoleBERT,1496,1608,common_random,1.5874906778335571,6.950353446734859
molebert,MoleBERT,1819,1743,common_random,1.6229479312896729,2.716870603858791
molebert,MoleBERT,1133,1618,common_random,1.3749184608459473,2.7354308612305824
molebert,MoleBERT,1850,1702,common_random,1.7230215072631836,3.6984769486996
molebert,MoleBERT,475,1585,common_random,1.9118545055389404,13.03846936421625
molebert,MoleBERT,113,109,common_random,1.2174456119537354,33.18744231669875
molebert,MoleBERT,1945,1663,common_random,2.412487506866455,8.571306857387844
molebert,MoleBERT,1035,1307,common_random,1.447906494140625,1.1713428788239573
molebert,MoleBERT,1211,1170,common_random,1.1741533279418943,4.859323462116594
molebert,MoleBERT,498,1631,common_random,1.7542550563812256,6.025749975647687
molebert,MoleBERT,1057,1624,common_random,1.309135913848877,2.110767071137112
molebert,MoleBERT,267,47,common_random,0.8792434930801392,12.308053710155564
molebert,MoleBERT,96,671,common_random,1.236060380935669,7.247958124583981
molebert,MoleBERT,926,415,common_random,1.6372926235198977,15.02047915535309
molebert,MoleBERT,875,1750,common_random,1.2626984119415283,2.862769600846782
molebert,MoleBERT,1239,1049,common_random,1.699597954750061,2.5005449891900158
molebert,MoleBERT,215,1743,common_random,1.88202965259552,4.632237389999031
molebert,MoleBERT,641,503,common_random,1.4553511142730713,2.4803640411982166
molebert,MoleBERT,1185,1406,common_random,1.4448503255844116,2.9399423567573577
molebert,MoleBERT,1687,119,common_random,1.7464314699172974,11.538268346188849
molebert,MoleBERT,875,1210,common_random,1.5806615352630615,1.7277427736970674
molebert,MoleBERT,635,1188,common_random,1.7157442569732666,5.0838491721084536
molebert,MoleBERT,1047,129,common_random,1.4547064304351809,16.439984113687334
molebert,MoleBERT,1183,1625,common_random,1.1063169240951538,2.157458789751193
molebert,MoleBERT,1113,1323,common_random,1.2790530920028689,1.7070673373385945
molebert,MoleBERT,1472,1802,common_random,1.5911785364151,1.4666942855478275
molebert,MoleBERT,1810,1743,common_random,1.5980889797210691,3.634616800901437
molebert,MoleBERT,1585,508,common_random,2.0495407581329346,16.437567175046095
molebert,MoleBERT,1153,1588,common_random,0.6878507137298584,1.4469513282895758
molebert,MoleBERT,872,72,common_random,1.8834772109985352,15.473689402933514
molebert,MoleBERT,1657,1230,common_random,1.3261841535568235,4.834764570541717
molebert,MoleBERT,1722,1242,common_random,1.2607426643371582,1.6703889898914428
molebert,MoleBERT,1892,1195,common_random,1.4714956283569336,6.661083457839487
molebert,MoleBERT,1703,1348,common_random,1.0101988315582275,3.284258232357351
molebert,MoleBERT,46,1739,common_random,1.9124202728271484,18.255219240209048
molebert,MoleBERT,1468,427,common_random,1.9850730895996092,8.690285344693635
molebert,MoleBERT,1330,292,common_random,1.7426477670669556,13.027179215258473
molebert,MoleBERT,1582,1818,common_random,1.6548289060592651,1.8871538465313928
molebert,MoleBERT,1232,1602,common_random,1.459741234779358,3.610324252734645
molebert,MoleBERT,1187,1902,common_random,2.1863484382629395,3.913596904113037
molebert,MoleBERT,1442,848,common_random,1.2536166906356812,1.336687606438444
molebert,MoleBERT,553,1048,common_random,1.601917028427124,15.633806000641597
molebert,MoleBERT,328,1042,common_random,1.6494791507720947,12.83022351298559
molebert,MoleBERT,1575,449,common_random,2.0551764965057373,23.69387195840572
molformer,MoLFormer,1477,250,common_random,12.181262016296388,18.783061041273065
molformer,MoLFormer,1718,1348,common_random,7.454675197601318,1.8290707187601012
molformer,MoLFormer,1546,1381,common_random,4.705133438110352,1.4633487279721058
molformer,MoLFormer,890,27,common_random,11.212088584899902,15.451989388755278
molformer,MoLFormer,1604,1479,common_random,8.811944007873535,4.80035768158822
molformer,MoLFormer,316,290,common_random,5.548194408416748,2.125459636928161
molformer,MoLFormer,1310,666,common_random,9.793331146240234,6.865389545651963
molformer,MoLFormer,1448,1819,common_random,8.8388090133667,3.4970959039629794
molformer,MoLFormer,1179,598,common_random,11.499303817749023,16.12844461102779
molformer,MoLFormer,472,1714,common_random,11.294368743896484,2.758776367212864
molformer,MoLFormer,264,1448,common_random,9.65771198272705,14.709999660913471
molformer,MoLFormer,666,391,common_random,5.545656204223633,4.012669107167072
molformer,MoLFormer,303,483,common_random,6.38254976272583,5.952817842623443
molformer,MoLFormer,1184,1297,common_random,7.090782165527344,1.2457814201759725
molformer,MoLFormer,1718,1403,common_random,10.940074920654297,2.038931407619758
molformer,MoLFormer,1731,137,common_random,11.70495891571045,27.569158064221444
molformer,MoLFormer,1848,1752,common_random,9.272457122802734,1.6313943981407404
molformer,MoLFormer,491,1695,common_random,11.669236183166504,17.723670332123078
molformer,MoLFormer,171,119,common_random,8.08401107788086,13.257302452630524
molformer,MoLFormer,465,1131,common_random,10.00291633605957,9.35984561557314
molformer,MoLFormer,11,1731,common_random,10.575173377990724,20.50547464781678
molformer,MoLFormer,1482,1616,common_random,8.965872764587402,3.5016759531651576
molformer,MoLFormer,776,1404,common_random,11.23250961303711,9.575387692560616
molformer,MoLFormer,1325,46,common_random,11.649389266967772,18.73606331443188
molformer,MoLFormer,539,51,common_random,7.32842493057251,1.1980746276243084
molformer,MoLFormer,1810,443,common_random,11.731520652770996,22.170514063396524
molformer,MoLFormer,1987,1140,common_random,13.205462455749512,18.287215970144896
molformer,MoLFormer,967,682,common_random,10.968635559082031,22.164767110199936
molformer,MoLFormer,1669,1641,common_random,6.801676273345947,2.38749780336292
molformer,MoLFormer,1803,1063,common_random,7.117079257965088,1.5740800887490207
molformer,MoLFormer,328,1055,common_random,10.0503511428833,13.320857163282328
molformer,MoLFormer,1447,1040,common_random,9.201618194580078,2.5626690280551965
molformer,MoLFormer,736,1327,common_random,12.0442533493042,30.442874351614744
molformer,MoLFormer,180,1131,common_random,9.121173858642578,11.888467850035026
molformer,MoLFormer,1986,1945,common_random,9.836658477783203,6.547075036639117
molformer,MoLFormer,1719,1591,common_random,7.531737327575684,1.641218225934506
molformer,MoLFormer,649,156,common_random,4.1063385009765625,9.34514452911458
molformer,MoLFormer,630,706,common_random,4.507639408111572,2.5891947455082245
molformer,MoLFormer,866,1938,common_random,12.881266593933104,9.119568249374488
molformer,MoLFormer,171,665,common_random,7.822149276733398,8.90120823999752
molformer,MoLFormer,1671,229,common_random,11.50999355316162,9.509212243353518
molformer,MoLFormer,1740,1739,common_random,6.454148769378662,1.3029357524302456
molformer,MoLFormer,1305,1654,common_random,8.163633346557617,2.0672584354069694
molformer,MoLFormer,1681,1557,common_random,11.19042682647705,11.74745416833352
molformer,MoLFormer,692,1856,common_random,8.719939231872559,15.268667767830284
molformer,MoLFormer,96,1167,common_random,10.833287239074709,9.814358092707543
molformer,MoLFormer,1184,399,common_random,11.42250919342041,26.308110410075397
molformer,MoLFormer,1042,452,common_random,12.9981689453125,36.05548889712871
molformer,MoLFormer,1056,536,common_random,11.841779708862305,24.55745790390377
molformer,MoLFormer,1786,1828,common_random,8.094252586364746,1.5944529785568975
molformer,MoLFormer,1048,1231,common_random,9.109611511230469,3.6336521138762814
molformer,MoLFormer,574,946,common_random,10.838811874389648,6.7997684970261405
molformer,MoLFormer,166,966,common_random,12.369516372680664,31.76644261370308
molformer,MoLFormer,412,1234,common_random,13.394365310668944,13.738861622211596
molformer,MoLFormer,1945,582,common_random,10.013461112976074,17.264913913858912
molformer,MoLFormer,972,1503,common_random,10.931462287902832,2.554369770271761
molformer,MoLFormer,167,1470,common_random,10.471436500549316,14.801375019541933
molformer,MoLFormer,1403,473,common_random,10.98460292816162,19.37490448151132
molformer,MoLFormer,1214,636,common_random,10.325111389160156,3.561486578672518
molformer,MoLFormer,1107,671,common_random,10.90121841430664,20.115012345531504
molformer,MoLFormer,303,2022,common_random,10.84799098968506,17.881167443151934
molformer,MoLFormer,1445,1383,common_random,6.666253566741943,2.645761326022041
molformer,MoLFormer,1752,287,common_random,10.229555130004885,10.611681586008372
molformer,MoLFormer,1133,1753,common_random,9.389911651611328,2.852185288892455
molformer,MoLFormer,631,274,common_random,7.570550441741943,6.269340796243935
molformer,MoLFormer,1532,859,common_random,8.485926628112793,2.549405005976593
molformer,MoLFormer,867,473,common_random,11.96617603302002,18.92275007329164
molformer,MoLFormer,1055,1841,common_random,8.898237228393555,1.4395133272878635
molformer,MoLFormer,1480,1077,common_random,9.704638481140137,4.542955860351287
molformer,MoLFormer,1459,1208,common_random,7.863842964172363,2.559830790498048
molformer,MoLFormer,411,166,common_random,5.480491161346436,5.877144042279207
molformer,MoLFormer,522,1130,common_random,9.08775234222412,9.74143903634162
molformer,MoLFormer,1137,1030,common_random,8.631365776062012,2.4359998605295066
molformer,MoLFormer,890,1210,common_random,7.450909614562988,1.683371337965105
molformer,MoLFormer,242,1456,common_random,10.66264533996582,14.938237982817158
molformer,MoLFormer,1152,331,common_random,10.133485794067385,5.893945415547126
molformer,MoLFormer,181,1080,common_random,10.854504585266112,23.93558240729756
molformer,MoLFormer,1081,1965,common_random,11.09741497039795,8.53375531585217
molformer,MoLFormer,280,1619,common_random,10.132216453552246,6.9092706441627145
molformer,MoLFormer,1562,2019,common_random,12.521719932556152,22.50823432766336
molformer,MoLFormer,1454,1689,common_random,8.60383129119873,6.0299326980026215
molformer,MoLFormer,1796,500,common_random,10.732328414916992,8.877684696392297
molformer,MoLFormer,959,872,common_random,6.617941379547119,0.9011181618769476
molformer,MoLFormer,1909,418,common_random,9.886567115783691,8.586526922769965
molformer,MoLFormer,903,472,common_random,9.947936058044434,2.891127594313426
molformer,MoLFormer,488,167,common_random,7.715169906616211,6.457787768392933
molformer,MoLFormer,174,1848,common_random,13.20626735687256,26.920820017633577
molformer,MoLFormer,1637,1141,common_random,9.49734115600586,3.7132168456796446
molformer,MoLFormer,669,1634,common_random,9.55861759185791,10.41960537993772
molformer,MoLFormer,703,1645,common_random,11.362312316894531,25.144239660206217
molformer,MoLFormer,1826,440,common_random,11.759489059448242,31.02939601751246
molformer,MoLFormer,1745,1379,common_random,10.587729454040527,2.495946582030648
molformer,MoLFormer,1141,607,common_random,9.174866676330566,11.768915019248391
molformer,MoLFormer,1851,649,common_random,13.41514492034912,24.93917229747369
molformer,MoLFormer,1324,72,common_random,10.854869842529297,17.3424218112296
molformer,MoLFormer,1414,1328,common_random,6.722119331359863,1.784899893668834
molformer,MoLFormer,360,1309,common_random,10.322063446044922,14.629485500698983
molformer,MoLFormer,678,1032,common_random,10.618497848510742,6.883891605583052
molformer,MoLFormer,1693,364,common_random,9.912656784057615,2.5498767260954622
molformer,MoLFormer,1135,950,common_random,10.365952491760254,4.3576814569385975
molformer,MoLFormer,940,879,common_random,7.353400707244873,3.153739980444617
molformer,MoLFormer,1464,917,common_random,8.243367195129395,4.2255790564130296
molformer,MoLFormer,1829,1051,common_random,10.016385078430176,1.687161644107879
molformer,MoLFormer,2019,940,common_random,12.767662048339844,21.00163555633537
molformer,MoLFormer,1582,582,common_random,12.678767204284668,25.970371482733107
molformer,MoLFormer,1142,77,common_random,11.911748886108398,15.62706574587583
molformer,MoLFormer,18,229,common_random,7.782889366149902,11.796949510759193
molformer,MoLFormer,126,1427,common_random,10.852269172668455,25.45286680296508
molformer,MoLFormer,972,1776,common_random,9.321558952331545,5.164205758117487
molformer,MoLFormer,906,1600,common_random,8.2223539352417,2.2973127716079644
molformer,MoLFormer,408,1283,common_random,11.123661994934082,3.0452033988907816
molformer,MoLFormer,1836,1502,common_random,9.907798767089844,2.798532207220872
molformer,MoLFormer,692,1283,common_random,9.387290000915527,22.741440261676512
molformer,MoLFormer,1305,1480,common_random,7.765225410461426,0.79716097128377
molformer,MoLFormer,30,982,common_random,12.27552890777588,10.845423640685723
molformer,MoLFormer,852,1670,common_random,8.57096004486084,2.511631513065748
molformer,MoLFormer,1663,1234,common_random,10.349132537841797,2.539627623348312
molformer,MoLFormer,622,973,common_random,10.60661792755127,6.333805506209669
molformer,MoLFormer,1827,595,common_random,9.52182388305664,14.035852699570972
molformer,MoLFormer,1204,1438,common_random,8.258646011352539,4.124974372740546
molformer,MoLFormer,251,980,common_random,11.085304260253906,2.287225466600618
molformer,MoLFormer,669,581,common_random,4.63460111618042,2.955003571562086
molformer,MoLFormer,2021,1213,common_random,13.433257102966309,16.444449968187378
molformer,MoLFormer,399,1839,common_random,11.827500343322754,28.921872009125263
molformer,MoLFormer,166,428,common_random,8.21411418914795,23.548231322208096
molformer,MoLFormer,1215,1398,common_random,7.287197113037109,2.3515236189139275
molformer,MoLFormer,1120,596,common_random,10.11772632598877,9.01997210828828
molformer,MoLFormer,1044,1842,common_random,7.198990821838379,1.6846613489956843
molformer,MoLFormer,553,1067,common_random,11.602989196777344,16.348641547711647
molformer,MoLFormer,1261,1099,common_random,5.215219974517822,2.1208219849105947
molformer,MoLFormer,1410,1843,common_random,7.083544731140137,1.4403744322195542
molformer,MoLFormer,1593,1325,common_random,11.46810245513916,6.969757660903927
molformer,MoLFormer,1588,1753,common_random,10.189905166625977,3.447806810072813
molformer,MoLFormer,684,1740,common_random,11.842865943908691,27.48957910692395
molformer,MoLFormer,1477,848,common_random,9.31110954284668,1.7959758536262769
molformer,MoLFormer,604,229,common_random,8.288562774658203,10.327037874197746
molformer,MoLFormer,267,1242,common_random,11.222384452819824,4.947212102682308
molformer,MoLFormer,1664,1669,common_random,8.349187850952148,2.3333556386405445
molformer,MoLFormer,47,394,common_random,7.554457187652588,15.261318201824064
molformer,MoLFormer,973,1826,common_random,10.256147384643556,2.3650177861594104
molformer,MoLFormer,823,295,common_random,11.256219863891602,6.020428161377539
molformer,MoLFormer,46,1598,common_random,9.237557411193848,10.975404574916178
molformer,MoLFormer,1044,1568,common_random,7.00054931640625,2.053223436673369
molformer,MoLFormer,1084,1484,common_random,10.7167387008667,3.106799597105471
molformer,MoLFormer,274,1135,common_random,11.048723220825195,12.64677632531992
molformer,MoLFormer,1611,1556,common_random,7.796655654907227,1.8817690192063252
molformer,MoLFormer,1099,1149,common_random,6.684973239898682,3.319057111670249
molformer,MoLFormer,1578,1457,common_random,9.68767547607422,1.243466124343195
molformer,MoLFormer,274,1567,common_random,9.418538093566896,16.196170087595274
molformer,MoLFormer,1243,1452,common_random,7.980005741119385,4.781066024859599
molformer,MoLFormer,585,1193,common_random,11.544846534729004,23.5269645225112
molformer,MoLFormer,1113,1604,common_random,6.0103960037231445,3.917205358815488
molformer,MoLFormer,1089,1759,common_random,8.860957145690918,4.733063659582804
molformer,MoLFormer,128,666,common_random,6.164011001586914,2.282064339621517
molformer,MoLFormer,64,418,common_random,6.013206481933594,5.396036829183376
molformer,MoLFormer,393,447,common_random,5.849673748016357,4.251289846147632
molformer,MoLFormer,1229,641,common_random,10.955328941345217,21.71347323843691
molformer,MoLFormer,1207,1058,common_random,9.80925750732422,4.126226833025116
molformer,MoLFormer,1302,418,common_random,9.21755599975586,14.520001997880785
molformer,MoLFormer,99,1741,common_random,9.393383026123049,2.816505011995948
molformer,MoLFormer,1586,1705,common_random,7.987901210784912,5.069881692190828
molformer,MoLFormer,950,345,common_random,12.60546588897705,24.539017010677007
molformer,MoLFormer,1148,1181,common_random,8.840058326721191,4.747037457730506
molformer,MoLFormer,1310,1718,common_random,9.57102108001709,1.5015479050747655
molformer,MoLFormer,958,701,common_random,10.425901412963867,7.104283768725172
molformer,MoLFormer,1121,1481,common_random,10.073098182678224,1.7229455671841258
molformer,MoLFormer,308,1297,common_random,11.03623867034912,2.095097903644427
molformer,MoLFormer,1038,1864,common_random,11.12054443359375,5.947963941818404
molformer,MoLFormer,1665,250,common_random,12.024577140808104,21.03357061380508
molformer,MoLFormer,1397,1603,common_random,9.645875930786133,4.5709018484950175
molformer,MoLFormer,1620,501,common_random,10.675898551940918,14.037055890545004
molformer,MoLFormer,251,1666,common_random,9.53640842437744,1.7933784897569822
molformer,MoLFormer,1769,2122,common_random,9.362250328063965,4.539899236202992
molformer,MoLFormer,678,1184,common_random,10.343161582946776,5.8545985940276815
molformer,MoLFormer,1816,357,common_random,11.827338218688965,19.22355493025599
molformer,MoLFormer,1718,1687,common_random,4.599318981170654,2.329970746385161
molformer,MoLFormer,1720,912,common_random,8.36711597442627,4.964247627768321
molformer,MoLFormer,1584,379,common_random,12.20780086517334,22.539517063794516
molformer,MoLFormer,536,1788,common_random,10.76746940612793,21.267899917977733
molformer,MoLFormer,943,527,common_random,11.458961486816406,8.353442100390103
molformer,MoLFormer,1061,1558,common_random,8.344606399536133,2.457703545927204
molformer,MoLFormer,590,43,common_random,7.336296081542969,11.553150710774418
molformer,MoLFormer,1179,1185,common_random,8.575798034667969,1.645541183162079
molformer,MoLFormer,923,1630,common_random,7.376962661743164,2.535287607683633
molformer,MoLFormer,1436,543,common_random,10.563862800598145,18.48136629506691
molformer,MoLFormer,1417,278,common_random,11.181246757507324,9.271211673321991
molformer,MoLFormer,1427,150,common_random,9.464725494384766,3.738897773073404
molformer,MoLFormer,1852,237,common_random,11.71901798248291,27.44454712623823
molformer,MoLFormer,1301,1620,common_random,9.994444847106934,3.572738940481468
molformer,MoLFormer,916,1473,common_random,10.651331901550291,1.971612912883312
molformer,MoLFormer,829,1292,common_random,8.606032371520996,1.777834685230257
molformer,MoLFormer,292,883,common_random,11.048396110534668,13.235207445500407
molformer,MoLFormer,525,1882,common_random,8.735236167907715,3.7615823760130542
molformer,MoLFormer,635,571,common_random,7.3217549324035645,3.8690062273845167
molformer,MoLFormer,1217,1128,common_random,9.201859474182127,1.876002945117971
molformer,MoLFormer,1852,819,common_random,8.611421585083008,3.883152793660599
molformer,MoLFormer,1752,1127,common_random,8.35622787475586,1.4452868977511877
molformer,MoLFormer,1572,1603,common_random,10.020350456237791,4.764428706484336
molformer,MoLFormer,525,19,common_random,6.220974922180176,3.413498923228768
molformer,MoLFormer,1813,1469,common_random,7.430571556091309,1.1837317731672554
molformer,MoLFormer,383,1471,common_random,10.442784309387209,1.9802708341537223
molformer,MoLFormer,536,1651,common_random,11.602904319763184,24.889185194169485
molformer,MoLFormer,1562,1057,common_random,7.681906223297119,2.007142470076112
molformer,MoLFormer,30,150,common_random,6.315067291259766,4.750340253191715
molformer,MoLFormer,387,1297,common_random,10.588018417358398,8.820361373074363
molformer,MoLFormer,422,1541,common_random,10.409252166748049,10.283519601350068
molformer,MoLFormer,269,1239,common_random,12.237347602844238,22.169600970854432
molformer,MoLFormer,380,1776,common_random,10.264577865600586,2.4312276328559026
molformer,MoLFormer,1980,1882,common_random,12.125988006591797,6.39545367084879
molformer,MoLFormer,894,1080,common_random,9.911369323730469,2.9712166454752875
molformer,MoLFormer,1290,1317,common_random,8.480713844299316,0.866735288245919
molformer,MoLFormer,1986,1211,common_random,14.259456634521484,14.8362655565279
molformer,MoLFormer,877,1111,common_random,9.843689918518066,2.679506391321094
molformer,MoLFormer,1165,1581,common_random,10.47877025604248,6.619715890481251
molformer,MoLFormer,802,1103,common_random,9.404254913330078,4.963892925176502
molformer,MoLFormer,1663,590,common_random,8.85263729095459,5.821045740820808
molformer,MoLFormer,1174,1080,common_random,6.839400291442871,4.03260827303325
molformer,MoLFormer,1030,1608,common_random,7.994852066040039,6.391208846975082
molformer,MoLFormer,1416,321,common_random,12.182805061340332,12.226213865180434
molformer,MoLFormer,1454,220,common_random,11.436511039733888,6.811338520406546
molformer,MoLFormer,1631,1820,common_random,9.058881759643556,2.33568928447156
molformer,MoLFormer,1164,1488,common_random,9.589765548706056,6.830934428205703
molformer,MoLFormer,916,682,common_random,10.28058624267578,18.42816685154067
molformer,MoLFormer,1306,819,common_random,9.83334732055664,2.0628811521567108
molformer,MoLFormer,665,77,common_random,8.243122100830078,4.263672869860413
molformer,MoLFormer,1326,1164,common_random,7.709078788757324,4.764245806414214
molformer,MoLFormer,943,425,common_random,10.507333755493164,15.712539517010006
molformer,MoLFormer,1719,891,common_random,9.926273345947266,2.365076987890599
molformer,MoLFormer,215,1664,common_random,9.807836532592772,5.978532449363028
molformer,MoLFormer,1216,1032,common_random,8.797005653381348,2.32955921151013
molformer,MoLFormer,521,1175,common_random,11.800918579101562,17.06864968022172
molformer,MoLFormer,1485,954,common_random,9.045539855957031,4.017578155177418
molformer,MoLFormer,1306,1081,common_random,8.29414176940918,3.344661127374027
molformer,MoLFormer,1150,1931,common_random,12.05376434326172,9.987710133536956
molformer,MoLFormer,1221,265,common_random,10.198079109191896,5.848147505890321
molformer,MoLFormer,1043,1049,common_random,4.658967971801758,2.789918398459858
molformer,MoLFormer,943,1214,common_random,8.059969902038574,1.0830041808745012
molformer,MoLFormer,265,1502,common_random,10.276058197021484,4.746612100271755
molformer,MoLFormer,1738,1146,common_random,8.122790336608887,1.8110837312651544
molformer,MoLFormer,1152,1493,common_random,10.820335388183594,2.2963275958351583
molformer,MoLFormer,1481,1599,common_random,9.717384338378906,2.606423558068579
molformer,MoLFormer,1296,662,common_random,10.52432632446289,9.379011814339256
molformer,MoLFormer,622,1146,common_random,10.522102355957031,7.872584547757839
molformer,MoLFormer,1403,1298,common_random,8.843520164489746,1.9909905090185545
molformer,MoLFormer,1575,759,common_random,11.496500968933104,24.682118713514992
molformer,MoLFormer,1698,1653,common_random,10.154773712158203,7.084437980081049
molformer,MoLFormer,1806,1980,common_random,11.328914642333984,12.986363381398542
molformer,MoLFormer,1170,233,common_random,10.248169898986816,4.253521042681595
molformer,MoLFormer,1823,1747,common_random,8.667702674865723,2.0910483161869937
molformer,MoLFormer,1445,596,common_random,9.782333374023438,6.287593587757398
molformer,MoLFormer,886,1621,common_random,8.81219482421875,3.594783765893523
molformer,MoLFormer,1719,269,common_random,11.424277305603027,20.227137598341127
molformer,MoLFormer,1741,1592,common_random,10.985548973083496,5.904092363774215
molformer,MoLFormer,1841,1470,common_random,10.410477638244627,2.421944123023074
molformer,MoLFormer,47,1040,common_random,11.511185646057127,19.055765623333507
molformer,MoLFormer,585,607,common_random,7.424701690673828,13.950595062446036
molformer,MoLFormer,633,882,common_random,11.014625549316406,15.87141027093839
molformer,MoLFormer,344,2011,common_random,9.640199661254885,15.168099169547077
molformer,MoLFormer,641,284,common_random,7.042492866516113,12.958273301425944
molformer,MoLFormer,641,1482,common_random,9.960797309875488,19.133437574374863
molformer,MoLFormer,1254,491,common_random,10.545090675354004,17.477154544594082
molformer,MoLFormer,866,1130,common_random,7.883905410766602,1.6590560364180875
molformer,MoLFormer,1137,1044,common_random,8.388689994812012,2.804551146184631
molformer,MoLFormer,975,1330,common_random,8.101653099060059,1.6660481494231705
molformer,MoLFormer,525,297,common_random,7.052087783813477,8.62474159667726
molformer,MoLFormer,1797,1103,common_random,9.239500999450684,1.3311756930349397
molformer,MoLFormer,607,1711,common_random,9.688688278198242,9.959790279633944
molformer,MoLFormer,960,1454,common_random,8.755289077758789,1.2900703268076754
molformer,MoLFormer,2000,1579,common_random,11.480327606201172,5.002899014870665
molformer,MoLFormer,448,54,common_random,5.339622974395752,3.4238404989999816
molformer,MoLFormer,1641,508,common_random,11.22587776184082,15.999259940099495
molformer,MoLFormer,1636,225,common_random,10.492632865905762,9.075411009749974
molformer,MoLFormer,1111,1469,common_random,5.688634872436523,1.5747400455366023
molformer,MoLFormer,200,1254,common_random,10.143896102905272,2.3063808161855537
molformer,MoLFormer,1195,1392,common_random,9.17023754119873,3.1424663498994687
molformer,MoLFormer,1753,1776,common_random,9.56726360321045,4.895429022915589
molformer,MoLFormer,571,1542,common_random,10.372097969055176,10.039366646379472
molformer,MoLFormer,1398,832,common_random,8.21384334564209,7.079985023912434
molformer,MoLFormer,143,235,common_random,7.486821174621582,11.464285138369302
molformer,MoLFormer,1046,1061,common_random,8.846427917480469,2.75447596623554
molformer,MoLFormer,441,556,common_random,8.146136283874512,13.260891481937795
molformer,MoLFormer,1491,1760,common_random,10.760714530944824,2.276142741119665
molformer,MoLFormer,1612,1615,common_random,5.886025905609131,2.3038280868632546
molformer,MoLFormer,1237,1719,common_random,8.984814643859863,2.554929182954764
molformer,MoLFormer,480,229,common_random,7.275100231170654,2.858613130197737
molformer,MoLFormer,274,1035,common_random,11.169561386108398,14.938554810686773
molformer,MoLFormer,1786,572,common_random,10.511394500732422,10.503096546791262
molformer,MoLFormer,1061,1813,common_random,7.416909694671631,1.373532520777704
molformer,MoLFormer,281,1676,common_random,9.694771766662598,10.0750673326484
molformer,MoLFormer,1710,184,common_random,11.103940963745115,21.54979377825445
molformer,MoLFormer,1156,449,common_random,11.934741020202637,24.848709853153192
molformer,MoLFormer,1130,936,common_random,9.359440803527832,1.920116201604612
molformer,MoLFormer,679,309,common_random,7.126197338104248,12.714335597279527
molformer,MoLFormer,2019,918,common_random,12.099647521972656,18.30875387056067
molformer,MoLFormer,527,746,common_random,7.016815662384033,14.53416034580001
molformer,MoLFormer,525,1450,common_random,9.399541854858398,9.368200066432957
molformer,MoLFormer,433,1314,common_random,11.25021743774414,27.9315938826559
molformer,MoLFormer,1299,1752,common_random,9.364496231079102,3.724234276578812
molformer,MoLFormer,433,1495,common_random,13.402665138244627,28.75058423123308
molformer,MoLFormer,1146,1631,common_random,9.948400497436523,1.154902889834685
molformer,MoLFormer,671,1395,common_random,9.965703010559082,18.523473587111923
molformer,MoLFormer,1840,1481,common_random,9.045594215393066,1.2447798818842744
molformer,MoLFormer,3,1532,common_random,13.919649124145508,32.5776355366373
molformer,MoLFormer,1725,1583,common_random,7.009679317474365,1.9605400523266885
molformer,MoLFormer,1491,558,common_random,10.557154655456545,7.074207155306816
molformer,MoLFormer,1187,994,common_random,8.18343734741211,2.2820344460624624
molformer,MoLFormer,47,131,common_random,5.4265336990356445,8.514073109353165
molformer,MoLFormer,1640,1203,common_random,6.956976890563965,1.4479124331230304
molformer,MoLFormer,544,1060,common_random,11.334432601928713,11.018937403394808
molformer,MoLFormer,968,1231,common_random,5.682915687561035,1.83060006306022
molformer,MoLFormer,1583,1307,common_random,10.50896453857422,2.4185370264184445
molformer,MoLFormer,1460,1592,common_random,9.879042625427246,6.630560588004624
molformer,MoLFormer,543,186,common_random,7.462884426116943,17.22541577718041
molformer,MoLFormer,863,1825,common_random,10.454087257385254,2.5680251472446387
molformer,MoLFormer,1785,180,common_random,10.59424114227295,9.851789243350243
molformer,MoLFormer,134,452,common_random,10.407394409179688,25.012149516998715
molformer,MoLFormer,1303,1469,common_random,9.701889038085938,1.7309628387358826
molformer,MoLFormer,1210,887,common_random,9.059490203857422,1.6337188180848727
molformer,MoLFormer,1058,322,common_random,11.009958267211914,3.4052897269421987
molformer,MoLFormer,265,558,common_random,6.744920253753662,1.8353534098993864
molformer,MoLFormer,1210,181,common_random,12.444031715393066,29.39554859802026
molformer,MoLFormer,1046,1168,common_random,9.78598403930664,1.7366070003779848
molformer,MoLFormer,1617,290,common_random,10.475449562072754,8.177318888778077
molformer,MoLFormer,1476,1836,common_random,8.593975067138672,1.9334473110077368
molformer,MoLFormer,430,153,common_random,8.34827709197998,11.297284491046996
molformer,MoLFormer,1822,553,common_random,11.304128646850586,17.74275438229842
molformer,MoLFormer,1718,1033,common_random,7.34291410446167,1.669386664555162
molformer,MoLFormer,1152,1632,common_random,7.581729888916016,2.179854726356304
molformer,MoLFormer,2000,170,common_random,10.70653247833252,3.3937174366562424
molformer,MoLFormer,430,72,common_random,7.943624019622803,4.983127946785833
molformer,MoLFormer,1488,393,common_random,9.78830909729004,12.246267294265156
molformer,MoLFormer,1209,1618,common_random,9.046219825744627,4.385636787715819
molformer,MoLFormer,43,1676,common_random,11.788969039916992,15.529928088564168
molformer,MoLFormer,36,1055,common_random,11.69377326965332,27.14752211690889
molformer,MoLFormer,1612,1806,common_random,8.41044807434082,2.6620574505021923
molformer,MoLFormer,1317,1502,common_random,9.730671882629396,2.594953841210301
molformer,MoLFormer,150,1464,common_random,10.357437133789062,7.679504500254247
molformer,MoLFormer,1497,1846,common_random,9.949283599853516,0.8287195411535312
molformer,MoLFormer,1629,421,common_random,10.308053970336914,4.914696717645675
molformer,MoLFormer,1039,530,common_random,11.32624626159668,24.009656492215136
molformer,MoLFormer,1258,1392,common_random,8.313634872436523,5.68429113068649
molformer,MoLFormer,479,1615,common_random,10.354262351989746,19.4662785848586
molformer,MoLFormer,557,138,common_random,8.006192207336426,17.402923311540498
molformer,MoLFormer,1348,684,common_random,11.11659336090088,25.73859300329805
molformer,MoLFormer,1328,134,common_random,10.284106254577637,11.454449451147388
molformer,MoLFormer,1160,364,common_random,10.840863227844238,1.400824134320536
molformer,MoLFormer,422,1726,common_random,11.350387573242188,14.364839104737614
molformer,MoLFormer,917,542,common_random,11.00655746459961,11.230404400893883
molformer,MoLFormer,177,1312,common_random,10.455571174621582,5.255483291709891
molformer,MoLFormer,1469,1641,common_random,7.7587971687316895,1.1579892987592464
molformer,MoLFormer,1738,712,common_random,11.76010513305664,23.80849391793856
molformer,MoLFormer,1413,545,common_random,12.124815940856934,29.115699308920437
molformer,MoLFormer,428,1309,common_random,10.708707809448242,7.15861181760947
molformer,MoLFormer,307,1835,common_random,10.615763664245604,14.158582174529416
molformer,MoLFormer,1616,1464,common_random,8.083093643188477,4.800196839147267
molformer,MoLFormer,1740,248,common_random,9.619293212890623,6.934232662135611
molformer,MoLFormer,134,1642,common_random,10.7630033493042,12.58354658931158
molformer,MoLFormer,448,1478,common_random,8.92726993560791,13.324757559460323
molformer,MoLFormer,1384,1046,common_random,8.045248985290527,1.4444454449330797
molformer,MoLFormer,903,1532,common_random,5.574896812438965,4.849876190720793
molformer,MoLFormer,1903,1397,common_random,12.320186614990234,5.361237915713459
molformer,MoLFormer,590,667,common_random,7.127776145935059,2.865599718282439
molformer,MoLFormer,1407,452,common_random,13.596965789794922,37.85156366190847
molformer,MoLFormer,1742,1741,common_random,3.727948427200317,1.286606371826942
molformer,MoLFormer,490,469,common_random,8.241880416870117,12.31841379549934
molformer,MoLFormer,116,1198,common_random,12.011797904968262,30.5347896812484
molformer,MoLFormer,1421,963,common_random,10.622254371643066,8.994995890202846
molformer,MoLFormer,220,1448,common_random,10.492987632751465,4.7461693586214375
molformer,MoLFormer,895,400,common_random,10.316083908081056,6.299867359092017
molformer,MoLFormer,1326,1810,common_random,9.8450345993042,1.29015943688436
molformer,MoLFormer,950,393,common_random,10.922722816467283,10.62421624874177
molformer,MoLFormer,233,1225,common_random,9.487587928771973,10.433593161709716
molformer,MoLFormer,1341,1048,common_random,10.045659065246582,2.269181691299889
molformer,MoLFormer,352,1108,common_random,10.900385856628418,20.49741211459841
molformer,MoLFormer,545,890,common_random,13.859424591064451,29.64109789491673
molformer,MoLFormer,1497,1629,common_random,7.527873516082764,1.9144436520425527
molformer,MoLFormer,982,322,common_random,11.215843200683594,2.12205170326674
molformer,MoLFormer,1221,963,common_random,9.381180763244627,0.817535425730167
molformer,MoLFormer,1686,1199,common_random,8.392961502075195,3.152530223936542
molformer,MoLFormer,1144,433,common_random,10.754743576049805,24.89042211256967
molformer,MoLFormer,1716,539,common_random,11.57547092437744,19.019517435833325
molformer,MoLFormer,1703,1052,common_random,9.675955772399902,4.918858265561482
molformer,MoLFormer,39,213,common_random,7.8536553382873535,7.390327340676216
molformer,MoLFormer,1730,534,common_random,10.463786125183104,12.894967888956346
molformer,MoLFormer,129,585,common_random,8.151200294494629,6.370612392821822
molformer,MoLFormer,308,1291,common_random,11.227673530578612,4.592667748807589
molformer,MoLFormer,1446,676,common_random,10.86062240600586,21.764907872546495
molformer,MoLFormer,1996,1306,common_random,10.32803440093994,26.091327348367336
molformer,MoLFormer,111,678,common_random,6.920514583587647,14.851566157790376
molformer,MoLFormer,923,564,common_random,10.288355827331545,13.591745289316586
molformer,MoLFormer,1482,1562,common_random,7.212614059448242,2.5873697453574143
molformer,MoLFormer,1546,1614,common_random,6.62532377243042,1.0239213423369815
molformer,MoLFormer,237,306,common_random,7.741518020629883,18.581250761349096
molformer,MoLFormer,833,1489,common_random,9.855340957641602,4.378096139069974
molformer,MoLFormer,496,1469,common_random,11.200783729553224,20.422915150576088
molformer,MoLFormer,1111,1827,common_random,9.4929838180542,2.490930794671212
molformer,MoLFormer,1542,558,common_random,10.73465061187744,5.814023770986004
molformer,MoLFormer,1739,1396,common_random,7.828255176544189,3.688316651769043
molformer,MoLFormer,1545,1785,common_random,7.894829273223877,0.8545813367537184
molformer,MoLFormer,820,1188,common_random,5.009657382965088,2.399748839289097
molformer,MoLFormer,1896,1157,common_random,6.032794952392578,3.710828561146895
molformer,MoLFormer,1160,832,common_random,9.070947647094728,2.786334158704812
molformer,MoLFormer,448,1398,common_random,10.649283409118652,14.61613820904936
molformer,MoLFormer,1840,1642,common_random,9.947209358215332,1.4686540987451184
molformer,MoLFormer,140,1231,common_random,9.800596237182615,12.681559127029384
molformer,MoLFormer,1119,72,common_random,10.815835952758787,14.704746121566464
molformer,MoLFormer,1695,1304,common_random,9.301862716674805,4.0998947505190255
molformer,MoLFormer,1658,1590,common_random,11.265158653259276,3.105582466591872
molformer,MoLFormer,498,1140,common_random,9.206168174743652,6.074950936376116
molformer,MoLFormer,298,981,common_random,12.247538566589355,23.758740354098684
molformer,MoLFormer,574,128,common_random,6.650284290313721,1.4333877555033925
molformer,MoLFormer,363,1645,common_random,10.36981964111328,9.682446486212536
molformer,MoLFormer,1636,1400,common_random,9.249067306518556,1.723851645033684
molformer,MoLFormer,452,556,common_random,10.474651336669922,27.738241625544088
molformer,MoLFormer,1258,47,common_random,9.929183959960938,12.884439515397789
molformer,MoLFormer,893,387,common_random,12.077396392822266,10.458343448320246
molformer,MoLFormer,1090,536,common_random,9.959553718566896,20.88450206706384
molformer,MoLFormer,234,399,common_random,8.091830253601074,26.461725363745963
molformer,MoLFormer,671,1318,common_random,10.278572082519531,19.49460032738091
molformer,MoLFormer,926,1208,common_random,5.669005393981934,1.9151714451385515
molformer,MoLFormer,1175,1229,common_random,10.09634780883789,3.9116900223094033
molformer,MoLFormer,1833,281,common_random,10.697604179382324,12.065627728988629
molformer,MoLFormer,1718,1170,common_random,9.222445487976074,3.154523742679212
molformer,MoLFormer,1476,1138,common_random,5.999525547027588,1.0752928748887332
molformer,MoLFormer,849,346,common_random,12.06181526184082,16.880797550948614
molformer,MoLFormer,1090,1502,common_random,7.381076335906982,4.3167690665842855
molformer,MoLFormer,970,1734,common_random,10.484138488769531,1.4954525124983191
molformer,MoLFormer,1828,1441,common_random,9.360933303833008,3.706942641856032
molformer,MoLFormer,546,115,common_random,10.45424461364746,44.61601725427438
molformer,MoLFormer,1033,1393,common_random,9.316895484924316,2.192459872005204
molformer,MoLFormer,877,910,common_random,8.603609085083008,5.986184019079189
molformer,MoLFormer,1718,527,common_random,11.363096237182615,6.947460868312483
molformer,MoLFormer,1212,649,common_random,12.60847282409668,24.653182967516088
molformer,MoLFormer,3,1839,common_random,15.096238136291504,34.55369088219878
molformer,MoLFormer,663,0,common_random,8.429664611816406,2.1924102435104538
molformer,MoLFormer,632,679,common_random,7.836695671081543,15.33915778603507
molformer,MoLFormer,1573,544,common_random,9.956759452819824,10.61057908558704
molformer,MoLFormer,1054,390,common_random,9.936962127685549,8.240222487191767
molformer,MoLFormer,1047,545,common_random,11.144905090332031,26.782715421063937
molformer,MoLFormer,1714,1315,common_random,9.997954368591309,5.098825262142729
molformer,MoLFormer,1057,654,common_random,11.46978759765625,18.68219182682215
molformer,MoLFormer,1788,472,common_random,10.163127899169922,2.870135072509856
molformer,MoLFormer,1184,1447,common_random,6.654739856719971,1.2817000833248051
molformer,MoLFormer,1319,907,common_random,10.284144401550291,1.976534479447278
molformer,MoLFormer,893,2000,common_random,12.938579559326172,6.714861845550398
molformer,MoLFormer,1601,1158,common_random,9.646309852600098,5.97139259258334
molformer,MoLFormer,404,1614,common_random,9.611475944519045,10.60073933192096
molformer,MoLFormer,251,331,common_random,6.65354061126709,6.457708269726468
molformer,MoLFormer,678,1454,common_random,9.528098106384276,7.401408040379064
molformer,MoLFormer,1931,944,common_random,13.51871109008789,7.50634612320624
molformer,MoLFormer,1421,1227,common_random,10.941140174865724,10.612556868799809
molformer,MoLFormer,1618,175,common_random,11.541977882385254,25.764202859696997
molformer,MoLFormer,1841,271,common_random,12.022734642028809,2.8355862880962284
molformer,MoLFormer,874,1764,common_random,8.466633796691895,2.985055242071981
molformer,MoLFormer,1696,678,common_random,9.707772254943848,4.627810514732197
molformer,MoLFormer,1647,712,common_random,11.637267112731934,21.253728067143708
molformer,MoLFormer,1110,498,common_random,9.71393871307373,4.012666570690202
molformer,MoLFormer,1793,1495,common_random,7.989166259765625,4.817083353013265
molformer,MoLFormer,1986,152,common_random,11.898606300354004,3.821813776420642
molformer,MoLFormer,1603,150,common_random,8.636634826660156,4.653382192381349
molformer,MoLFormer,1719,1392,common_random,9.16451930999756,1.955487356980383
molformer,MoLFormer,206,746,common_random,7.606064319610596,15.29816617906658
molformer,MoLFormer,1208,249,common_random,12.099902153015137,29.26479166606249
molformer,MoLFormer,1118,308,common_random,11.066486358642578,3.835370320561255
molformer,MoLFormer,1480,1787,common_random,9.848970413208008,2.7070453292530705
molformer,MoLFormer,1581,1723,common_random,9.961161613464355,3.3001105577504006
molformer,MoLFormer,1587,1632,common_random,7.622513294219971,2.3767951177254907
molformer,MoLFormer,540,1631,common_random,10.88442039489746,14.792478929867196
molformer,MoLFormer,383,1035,common_random,10.612065315246582,1.429477938590622
molformer,MoLFormer,532,287,common_random,8.264984130859375,18.511119218964613
molformer,MoLFormer,860,1898,common_random,11.459014892578123,9.153318156809195
molformer,MoLFormer,1124,357,common_random,11.008950233459473,17.822171931224126
molformer,MoLFormer,1608,883,common_random,9.158364295959473,6.869401672544639
molformer,MoLFormer,1732,331,common_random,10.217854499816896,5.032515741472406
molformer,MoLFormer,254,1579,common_random,8.387031555175781,13.627649596737346
molformer,MoLFormer,2015,1722,common_random,10.61497974395752,21.408883698634398
molformer,MoLFormer,1573,1675,common_random,9.98721981048584,1.0576026595640386
molformer,MoLFormer,933,355,common_random,12.379507064819336,12.258444767932923
molformer,MoLFormer,1758,271,common_random,11.87472915649414,4.041391533838249
molformer,MoLFormer,1238,490,common_random,11.176764488220217,15.513447821435044
molformer,MoLFormer,444,1690,common_random,10.905607223510742,2.7765256515155867
molformer,MoLFormer,1111,1810,common_random,8.09547233581543,1.1382201230333855
molformer,MoLFormer,426,1416,common_random,11.446285247802734,2.8596046230012413
molformer,MoLFormer,953,47,common_random,10.161014556884766,17.888385341585384
molformer,MoLFormer,1020,1048,common_random,9.326827049255373,1.3868784752099317
molformer,MoLFormer,671,259,common_random,7.410114288330078,15.32197524263156
molformer,MoLFormer,1864,1215,common_random,11.368817329406738,8.699615851587689
molformer,MoLFormer,1702,483,common_random,9.880511283874512,5.819470177981522
molformer,MoLFormer,1402,1563,common_random,6.281752109527588,1.8206780712024029
molformer,MoLFormer,1754,1615,common_random,9.630101203918455,5.03725880667372
molformer,MoLFormer,1468,1841,common_random,10.869359016418455,2.04146748376977
molformer,MoLFormer,600,1229,common_random,9.874463081359863,14.36712493536381
molformer,MoLFormer,1610,394,common_random,10.316572189331056,1.8391846288520977
molformer,MoLFormer,274,1733,common_random,11.012991905212402,14.393923111435774
molformer,MoLFormer,849,295,common_random,11.714293479919434,11.337884248415593
molformer,MoLFormer,1841,1241,common_random,11.357662200927734,2.3765810943420176
molformer,MoLFormer,1862,559,common_random,9.030632972717283,8.61346367368716
molformer,MoLFormer,308,322,common_random,6.553402900695801,2.4812113927404944
molformer,MoLFormer,676,1655,common_random,11.396443367004396,22.78238963535521
molformer,MoLFormer,1639,1493,common_random,10.26181697845459,2.751752055540285
molformer,MoLFormer,893,1786,common_random,6.754542827606201,1.7372720008698928
molformer,MoLFormer,367,1454,common_random,11.9191312789917,4.079655834443033
molformer,MoLFormer,1130,39,common_random,9.048097610473633,9.46332889751008
molformer,MoLFormer,1958,565,common_random,10.988452911376951,1.223642197547005
molformer,MoLFormer,1056,679,common_random,11.53634548187256,18.724914303469674
molformer,MoLFormer,524,1736,common_random,11.959808349609377,17.98799412679981
molformer,MoLFormer,1563,1081,common_random,9.315710067749023,6.070161555601704
molformer,MoLFormer,502,1179,common_random,10.50754165649414,6.274081355585792
molformer,MoLFormer,558,956,common_random,10.112710952758787,7.419350762463663
molformer,MoLFormer,1398,482,common_random,12.06151294708252,16.419344503998516
molformer,MoLFormer,1126,1846,common_random,9.161545753479004,1.9758036749491448
molformer,MoLFormer,1039,40,common_random,11.663331031799316,19.89508764278968
molformer,MoLFormer,692,908,common_random,9.220135688781738,16.574775478022836
molformer,MoLFormer,1728,1409,common_random,6.181399822235107,1.990034687881159
molformer,MoLFormer,1965,1413,common_random,11.22396755218506,13.44294517463291
molformer,MoLFormer,1078,1849,common_random,10.216331481933594,5.872989411921116
molformer,MoLFormer,1081,294,common_random,8.876445770263672,8.106772992900629
molformer,MoLFormer,1416,873,common_random,11.0194091796875,1.7360210202374764
molformer,MoLFormer,1620,1138,common_random,9.502141952514648,3.206629800749956
molformer,MoLFormer,1847,281,common_random,11.500060081481934,11.75732198437143
molformer,MoLFormer,1185,1802,common_random,5.203044891357422,2.152011169787895
molformer,MoLFormer,1817,1128,common_random,9.51634120941162,1.5442957768384926
molformer,MoLFormer,1056,1900,common_random,11.90700912475586,7.527079516471844
molformer,MoLFormer,1682,883,common_random,11.500887870788574,14.28512190201283
molformer,MoLFormer,1484,959,common_random,8.418298721313477,1.0864915821183223
molformer,MoLFormer,979,665,common_random,10.283077239990234,19.79174248566537
molformer,MoLFormer,109,1156,common_random,14.152399063110352,45.82775099412916
molformer,MoLFormer,415,1909,common_random,9.217065811157228,11.021143198489334
molformer,MoLFormer,1633,364,common_random,10.345983505249023,5.833319227602586
molformer,MoLFormer,348,1797,common_random,10.95252513885498,12.201608828371024
molformer,MoLFormer,1849,943,common_random,8.569992065429688,1.3139042523088766
molformer,MoLFormer,1909,1852,common_random,12.886940002441406,6.109283370598422
molformer,MoLFormer,1829,1553,common_random,10.387511253356934,1.246212806108582
molformer,MoLFormer,1823,1835,common_random,6.652841091156006,2.2219696986864435
molformer,MoLFormer,318,1620,common_random,10.301984786987305,10.944891896642588
molformer,MoLFormer,617,703,common_random,7.341822147369385,13.60979209817299
molformer,MoLFormer,1583,1786,common_random,8.500386238098145,2.2353868268429418
molformer,MoLFormer,1188,1764,common_random,10.681146621704102,2.705850888253826
molformer,MoLFormer,1108,1916,common_random,10.429679870605469,7.41372618997733
molformer,MoLFormer,1902,1487,common_random,12.521720886230469,6.887160346201365
molformer,MoLFormer,1239,490,common_random,10.344985008239746,15.73893631077788
molformer,MoLFormer,387,298,common_random,6.99324369430542,15.936532031403065
molformer,MoLFormer,1835,1261,common_random,8.917641639709473,2.7011112601344776
molformer,MoLFormer,1314,1846,common_random,9.281795501708984,1.4101599189061846
molformer,MoLFormer,1052,1599,common_random,9.409119606018066,3.116586406995724
molformer,MoLFormer,201,780,common_random,7.9437785148620605,2.434264051554599
molformer,MoLFormer,1827,1787,common_random,7.319515228271484,4.253372982950528
molformer,MoLFormer,937,1502,common_random,9.13497257232666,2.783029357387784
molformer,MoLFormer,486,1463,common_random,11.851945877075195,23.26292511630806
molformer,MoLFormer,1556,134,common_random,10.655776023864746,10.941066102028568
molformer,MoLFormer,503,201,common_random,8.245806694030762,6.154577957119449
molformer,MoLFormer,957,1201,common_random,8.16710376739502,2.0475396459339743
molformer,MoLFormer,1229,1472,common_random,9.68882179260254,4.27727642145378
molformer,MoLFormer,422,1047,common_random,10.143962860107422,10.74601998352697
molformer,MoLFormer,276,1703,common_random,11.002196311950684,10.965897374407524
molformer,MoLFormer,936,1468,common_random,9.061016082763672,2.1377871389744434
molformer,MoLFormer,1496,1608,common_random,8.867976188659668,6.950353446734859
molformer,MoLFormer,1819,1743,common_random,9.444026947021484,2.716870603858791
molformer,MoLFormer,1133,1618,common_random,9.330135345458984,2.7354308612305824
molformer,MoLFormer,1850,1702,common_random,10.722464561462402,3.6984769486996
molformer,MoLFormer,475,1585,common_random,10.283941268920898,13.03846936421625
molformer,MoLFormer,113,109,common_random,9.366479873657228,33.18744231669875
molformer,MoLFormer,1945,1663,common_random,11.841731071472168,8.571306857387844
molformer,MoLFormer,1035,1307,common_random,9.324784278869627,1.1713428788239573
molformer,MoLFormer,1211,1170,common_random,6.3734660148620605,4.859323462116594
molformer,MoLFormer,498,1631,common_random,11.010028839111328,6.025749975647687
molformer,MoLFormer,1057,1624,common_random,9.897582054138184,2.110767071137112
molformer,MoLFormer,267,47,common_random,6.330124378204346,12.308053710155564
molformer,MoLFormer,96,671,common_random,7.052150249481201,7.247958124583981
molformer,MoLFormer,926,415,common_random,9.99169635772705,15.02047915535309
molformer,MoLFormer,875,1750,common_random,8.450387954711914,2.862769600846782
molformer,MoLFormer,1239,1049,common_random,9.643519401550291,2.5005449891900158
molformer,MoLFormer,215,1743,common_random,8.92282485961914,4.632237389999031
molformer,MoLFormer,641,503,common_random,7.725526332855225,2.4803640411982166
molformer,MoLFormer,1185,1406,common_random,11.310518264770508,2.9399423567573577
molformer,MoLFormer,1687,119,common_random,10.975805282592772,11.538268346188849
molformer,MoLFormer,875,1210,common_random,9.795534133911133,1.7277427736970674
molformer,MoLFormer,635,1188,common_random,10.619683265686035,5.0838491721084536
molformer,MoLFormer,1047,129,common_random,9.386639595031738,16.439984113687334
molformer,MoLFormer,1183,1625,common_random,7.913436889648437,2.157458789751193
molformer,MoLFormer,1113,1323,common_random,7.704583168029785,1.7070673373385945
molformer,MoLFormer,1472,1802,common_random,7.83281660079956,1.4666942855478275
molformer,MoLFormer,1810,1743,common_random,9.2824068069458,3.634616800901437
molformer,MoLFormer,1585,508,common_random,11.37874984741211,16.437567175046095
molformer,MoLFormer,1153,1588,common_random,5.367706298828125,1.4469513282895758
molformer,MoLFormer,872,72,common_random,10.22414493560791,15.473689402933514
molformer,MoLFormer,1657,1230,common_random,9.822346687316896,4.834764570541717
molformer,MoLFormer,1722,1242,common_random,8.561713218688965,1.6703889898914428
molformer,MoLFormer,1892,1195,common_random,9.885900497436523,6.661083457839487
molformer,MoLFormer,1703,1348,common_random,7.778703212738037,3.284258232357351
molformer,MoLFormer,46,1739,common_random,11.66541576385498,18.255219240209048
molformer,MoLFormer,1468,427,common_random,10.785514831542969,8.690285344693635
molformer,MoLFormer,1330,292,common_random,11.649532318115234,13.027179215258473
molformer,MoLFormer,1582,1818,common_random,7.789750099182129,1.8871538465313928
molformer,MoLFormer,1232,1602,common_random,11.282063484191896,3.610324252734645
molformer,MoLFormer,1187,1902,common_random,12.57896327972412,3.913596904113037
molformer,MoLFormer,1442,848,common_random,7.899314403533935,1.336687606438444
molformer,MoLFormer,553,1048,common_random,11.636343955993652,15.633806000641597
molformer,MoLFormer,328,1042,common_random,10.93957805633545,12.83022351298559
molformer,MoLFormer,1575,449,common_random,11.699848175048828,23.69387195840572
rmmol_true,RMMol,1477,250,common_random,23.787500381469727,18.783061041273065
rmmol_true,RMMol,1718,1348,common_random,3.1226956844329834,1.8290707187601012
rmmol_true,RMMol,1546,1381,common_random,2.5053906440734863,1.4633487279721058
rmmol_true,RMMol,890,27,common_random,15.814301490783691,15.451989388755278
rmmol_true,RMMol,1604,1479,common_random,6.09067964553833,4.80035768158822
rmmol_true,RMMol,316,290,common_random,2.39223313331604,2.125459636928161
rmmol_true,RMMol,1310,666,common_random,7.255035400390625,6.865389545651963
rmmol_true,RMMol,1448,1819,common_random,2.8638503551483154,3.4970959039629794
rmmol_true,RMMol,1179,598,common_random,20.03998374938965,16.12844461102779
rmmol_true,RMMol,472,1714,common_random,8.055916786193848,2.758776367212864
rmmol_true,RMMol,264,1448,common_random,12.405580520629885,14.709999660913471
rmmol_true,RMMol,666,391,common_random,1.9009429216384888,4.012669107167072
rmmol_true,RMMol,303,483,common_random,2.1332802772521973,5.952817842623443
rmmol_true,RMMol,1184,1297,common_random,2.1888427734375,1.2457814201759725
rmmol_true,RMMol,1718,1403,common_random,4.533496379852295,2.038931407619758
rmmol_true,RMMol,1731,137,common_random,25.63505172729492,27.569158064221444
rmmol_true,RMMol,1848,1752,common_random,3.5296003818511963,1.6313943981407404
rmmol_true,RMMol,491,1695,common_random,20.89886474609375,17.723670332123078
rmmol_true,RMMol,171,119,common_random,16.431325912475586,13.257302452630524
rmmol_true,RMMol,465,1131,common_random,13.558680534362791,9.35984561557314
rmmol_true,RMMol,11,1731,common_random,15.751605033874512,20.50547464781678
rmmol_true,RMMol,1482,1616,common_random,5.065912246704102,3.5016759531651576
rmmol_true,RMMol,776,1404,common_random,10.710308074951172,9.575387692560616
rmmol_true,RMMol,1325,46,common_random,15.45904541015625,18.73606331443188
rmmol_true,RMMol,539,51,common_random,7.990926265716553,1.1980746276243084
rmmol_true,RMMol,1810,443,common_random,19.40066909790039,22.170514063396524
rmmol_true,RMMol,1987,1140,common_random,13.552700996398926,18.287215970144896
rmmol_true,RMMol,967,682,common_random,13.500052452087402,22.164767110199936
rmmol_true,RMMol,1669,1641,common_random,2.2251710891723637,2.38749780336292
rmmol_true,RMMol,1803,1063,common_random,2.416445016860962,1.5740800887490207
rmmol_true,RMMol,328,1055,common_random,8.737174987792969,13.320857163282328
rmmol_true,RMMol,1447,1040,common_random,4.096671581268311,2.5626690280551965
rmmol_true,RMMol,736,1327,common_random,24.23298454284668,30.442874351614744
rmmol_true,RMMol,180,1131,common_random,8.815143585205078,11.888467850035026
rmmol_true,RMMol,1986,1945,common_random,4.359612464904785,6.547075036639117
rmmol_true,RMMol,1719,1591,common_random,2.458620071411133,1.641218225934506
rmmol_true,RMMol,649,156,common_random,1.6477075815200806,9.34514452911458
rmmol_true,RMMol,630,706,common_random,2.3919100761413574,2.5891947455082245
rmmol_true,RMMol,866,1938,common_random,9.506457328796388,9.119568249374488
rmmol_true,RMMol,171,665,common_random,13.083651542663574,8.90120823999752
rmmol_true,RMMol,1671,229,common_random,7.291693210601807,9.509212243353518
rmmol_true,RMMol,1740,1739,common_random,1.2583974599838257,1.3029357524302456
rmmol_true,RMMol,1305,1654,common_random,1.9564653635025024,2.0672584354069694
rmmol_true,RMMol,1681,1557,common_random,9.261186599731444,11.74745416833352
rmmol_true,RMMol,692,1856,common_random,5.653659820556641,15.268667767830284
rmmol_true,RMMol,96,1167,common_random,11.159857749938965,9.814358092707543
rmmol_true,RMMol,1184,399,common_random,24.13346099853516,26.308110410075397
rmmol_true,RMMol,1042,452,common_random,31.269615173339844,36.05548889712871
rmmol_true,RMMol,1056,536,common_random,20.3469181060791,24.55745790390377
rmmol_true,RMMol,1786,1828,common_random,4.44249153137207,1.5944529785568975
rmmol_true,RMMol,1048,1231,common_random,5.657370090484619,3.6336521138762814
rmmol_true,RMMol,574,946,common_random,8.015288352966309,6.7997684970261405
rmmol_true,RMMol,166,966,common_random,28.213930130004883,31.76644261370308
rmmol_true,RMMol,412,1234,common_random,14.487621307373049,13.738861622211596
rmmol_true,RMMol,1945,582,common_random,13.24848747253418,17.264913913858912
rmmol_true,RMMol,972,1503,common_random,4.248700141906738,2.554369770271761
rmmol_true,RMMol,167,1470,common_random,12.901960372924805,14.801375019541933
rmmol_true,RMMol,1403,473,common_random,22.1877555847168,19.37490448151132
rmmol_true,RMMol,1214,636,common_random,10.02844524383545,3.561486578672518
rmmol_true,RMMol,1107,671,common_random,20.32350730895996,20.115012345531504
rmmol_true,RMMol,303,2022,common_random,9.561992645263672,17.881167443151934
rmmol_true,RMMol,1445,1383,common_random,2.532825469970703,2.645761326022041
rmmol_true,RMMol,1752,287,common_random,7.685076713562012,10.611681586008372
rmmol_true,RMMol,1133,1753,common_random,3.695212841033936,2.852185288892455
rmmol_true,RMMol,631,274,common_random,10.960561752319336,6.269340796243935
rmmol_true,RMMol,1532,859,common_random,3.1677398681640625,2.549405005976593
rmmol_true,RMMol,867,473,common_random,22.38660430908203,18.92275007329164
rmmol_true,RMMol,1055,1841,common_random,2.58536434173584,1.4395133272878635
rmmol_true,RMMol,1480,1077,common_random,5.320879936218262,4.542955860351287
rmmol_true,RMMol,1459,1208,common_random,2.9850430488586426,2.559830790498048
rmmol_true,RMMol,411,166,common_random,4.798818588256836,5.877144042279207
rmmol_true,RMMol,522,1130,common_random,6.016921520233154,9.74143903634162
rmmol_true,RMMol,1137,1030,common_random,4.41796350479126,2.4359998605295066
rmmol_true,RMMol,890,1210,common_random,2.6436479091644287,1.683371337965105
rmmol_true,RMMol,242,1456,common_random,13.709369659423828,14.938237982817158
rmmol_true,RMMol,1152,331,common_random,9.915827751159668,5.893945415547126
rmmol_true,RMMol,181,1080,common_random,21.136734008789062,23.93558240729756
rmmol_true,RMMol,1081,1965,common_random,5.889148235321045,8.53375531585217
rmmol_true,RMMol,280,1619,common_random,8.799383163452148,6.9092706441627145
rmmol_true,RMMol,1562,2019,common_random,19.35126304626465,22.50823432766336
rmmol_true,RMMol,1454,1689,common_random,3.1079790592193604,6.0299326980026215
rmmol_true,RMMol,1796,500,common_random,5.308394908905029,8.877684696392297
rmmol_true,RMMol,959,872,common_random,1.6442806720733645,0.9011181618769476
rmmol_true,RMMol,1909,418,common_random,3.590604543685913,8.586526922769965
rmmol_true,RMMol,903,472,common_random,7.494682312011719,2.891127594313426
rmmol_true,RMMol,488,167,common_random,9.495264053344728,6.457787768392933
rmmol_true,RMMol,174,1848,common_random,24.90260887145996,26.920820017633577
rmmol_true,RMMol,1637,1141,common_random,4.771165370941162,3.7132168456796446
rmmol_true,RMMol,669,1634,common_random,7.628838539123535,10.41960537993772
rmmol_true,RMMol,703,1645,common_random,22.72075080871582,25.144239660206217
rmmol_true,RMMol,1826,440,common_random,25.826601028442383,31.02939601751246
rmmol_true,RMMol,1745,1379,common_random,4.558703899383545,2.495946582030648
rmmol_true,RMMol,1141,607,common_random,6.609773635864258,11.768915019248391
rmmol_true,RMMol,1851,649,common_random,22.035245895385746,24.93917229747369
rmmol_true,RMMol,1324,72,common_random,10.569903373718262,17.3424218112296
rmmol_true,RMMol,1414,1328,common_random,2.190814018249512,1.784899893668834
rmmol_true,RMMol,360,1309,common_random,12.586162567138672,14.629485500698983
rmmol_true,RMMol,678,1032,common_random,11.75314235687256,6.883891605583052
rmmol_true,RMMol,1693,364,common_random,6.135602474212647,2.5498767260954622
rmmol_true,RMMol,1135,950,common_random,4.830781936645508,4.3576814569385975
rmmol_true,RMMol,940,879,common_random,4.586210250854492,3.153739980444617
rmmol_true,RMMol,1464,917,common_random,3.982879161834717,4.2255790564130296
rmmol_true,RMMol,1829,1051,common_random,3.520749807357788,1.687161644107879
rmmol_true,RMMol,2019,940,common_random,17.339357376098633,21.00163555633537
rmmol_true,RMMol,1582,582,common_random,23.68873405456543,25.970371482733107
rmmol_true,RMMol,1142,77,common_random,13.952712059020996,15.62706574587583
rmmol_true,RMMol,18,229,common_random,10.076367378234863,11.796949510759193
rmmol_true,RMMol,126,1427,common_random,20.733190536499023,25.45286680296508
rmmol_true,RMMol,972,1776,common_random,5.993668079376221,5.164205758117487
rmmol_true,RMMol,906,1600,common_random,3.1628894805908203,2.2973127716079644
rmmol_true,RMMol,408,1283,common_random,5.065550804138184,3.0452033988907816
rmmol_true,RMMol,1836,1502,common_random,3.6387574672698975,2.798532207220872
rmmol_true,RMMol,692,1283,common_random,13.212228775024414,22.741440261676512
rmmol_true,RMMol,1305,1480,common_random,2.469141960144043,0.79716097128377
rmmol_true,RMMol,30,982,common_random,11.013328552246094,10.845423640685723
rmmol_true,RMMol,852,1670,common_random,5.612968444824219,2.511631513065748
rmmol_true,RMMol,1663,1234,common_random,3.3962182998657227,2.539627623348312
rmmol_true,RMMol,622,973,common_random,7.489596843719482,6.333805506209669
rmmol_true,RMMol,1827,595,common_random,10.199454307556152,14.035852699570972
rmmol_true,RMMol,1204,1438,common_random,4.451449871063232,4.124974372740546
rmmol_true,RMMol,251,980,common_random,6.004321098327637,2.287225466600618
rmmol_true,RMMol,669,581,common_random,1.9267808198928835,2.955003571562086
rmmol_true,RMMol,2021,1213,common_random,15.37686252593994,16.444449968187378
rmmol_true,RMMol,399,1839,common_random,25.128395080566406,28.921872009125263
rmmol_true,RMMol,166,428,common_random,17.8864688873291,23.548231322208096
rmmol_true,RMMol,1215,1398,common_random,1.8802731037139893,2.3515236189139275
rmmol_true,RMMol,1120,596,common_random,10.130473136901855,9.01997210828828
rmmol_true,RMMol,1044,1842,common_random,3.2842137813568115,1.6846613489956843
rmmol_true,RMMol,553,1067,common_random,11.140077590942385,16.348641547711647
rmmol_true,RMMol,1261,1099,common_random,1.5783334970474243,2.1208219849105947
rmmol_true,RMMol,1410,1843,common_random,1.9841325283050537,1.4403744322195542
rmmol_true,RMMol,1593,1325,common_random,10.258488655090332,6.969757660903927
rmmol_true,RMMol,1588,1753,common_random,4.025681972503662,3.447806810072813
rmmol_true,RMMol,684,1740,common_random,22.570884704589844,27.48957910692395
rmmol_true,RMMol,1477,848,common_random,4.735546588897705,1.7959758536262769
rmmol_true,RMMol,604,229,common_random,17.658903121948242,10.327037874197746
rmmol_true,RMMol,267,1242,common_random,7.323304653167725,4.947212102682308
rmmol_true,RMMol,1664,1669,common_random,3.48616623878479,2.3333556386405445
rmmol_true,RMMol,47,394,common_random,5.972242832183838,15.261318201824064
rmmol_true,RMMol,973,1826,common_random,3.50063157081604,2.3650177861594104
rmmol_true,RMMol,823,295,common_random,4.067798614501953,6.020428161377539
rmmol_true,RMMol,46,1598,common_random,6.457283020019531,10.975404574916178
rmmol_true,RMMol,1044,1568,common_random,2.4662914276123047,2.053223436673369
rmmol_true,RMMol,1084,1484,common_random,6.86595630645752,3.106799597105471
rmmol_true,RMMol,274,1135,common_random,10.663962364196776,12.64677632531992
rmmol_true,RMMol,1611,1556,common_random,3.083332061767578,1.8817690192063252
rmmol_true,RMMol,1099,1149,common_random,3.1852855682373047,3.319057111670249
rmmol_true,RMMol,1578,1457,common_random,4.341687202453613,1.243466124343195
rmmol_true,RMMol,274,1567,common_random,10.672286033630373,16.196170087595274
rmmol_true,RMMol,1243,1452,common_random,4.55604362487793,4.781066024859599
rmmol_true,RMMol,585,1193,common_random,21.99831199645996,23.5269645225112
rmmol_true,RMMol,1113,1604,common_random,2.861064910888672,3.917205358815488
rmmol_true,RMMol,1089,1759,common_random,5.189062118530273,4.733063659582804
rmmol_true,RMMol,128,666,common_random,1.7541531324386597,2.282064339621517
rmmol_true,RMMol,64,418,common_random,2.810608148574829,5.396036829183376
rmmol_true,RMMol,393,447,common_random,2.5906801223754883,4.251289846147632
rmmol_true,RMMol,1229,641,common_random,22.993013381958008,21.71347323843691
rmmol_true,RMMol,1207,1058,common_random,5.265761375427246,4.126226833025116
rmmol_true,RMMol,1302,418,common_random,9.61110782623291,14.520001997880785
rmmol_true,RMMol,99,1741,common_random,7.633215427398682,2.816505011995948
rmmol_true,RMMol,1586,1705,common_random,3.712034940719605,5.069881692190828
rmmol_true,RMMol,950,345,common_random,21.32651901245117,24.539017010677007
rmmol_true,RMMol,1148,1181,common_random,4.981196403503418,4.747037457730506
rmmol_true,RMMol,1310,1718,common_random,5.307604789733887,1.5015479050747655
rmmol_true,RMMol,958,701,common_random,6.699091911315918,7.104283768725172
rmmol_true,RMMol,1121,1481,common_random,4.908016681671143,1.7229455671841258
rmmol_true,RMMol,308,1297,common_random,6.039270877838135,2.095097903644427
rmmol_true,RMMol,1038,1864,common_random,7.809072494506836,5.947963941818404
rmmol_true,RMMol,1665,250,common_random,24.260108947753903,21.03357061380508
rmmol_true,RMMol,1397,1603,common_random,5.857264518737793,4.5709018484950175
rmmol_true,RMMol,1620,501,common_random,9.559207916259766,14.037055890545004
rmmol_true,RMMol,251,1666,common_random,7.670303821563721,1.7933784897569822
rmmol_true,RMMol,1769,2122,common_random,3.314915418624878,4.539899236202992
rmmol_true,RMMol,678,1184,common_random,11.726400375366213,5.8545985940276815
rmmol_true,RMMol,1816,357,common_random,14.263784408569336,19.22355493025599
rmmol_true,RMMol,1718,1687,common_random,2.59753966331482,2.329970746385161
rmmol_true,RMMol,1720,912,common_random,5.0723557472229,4.964247627768321
rmmol_true,RMMol,1584,379,common_random,23.782907485961918,22.539517063794516
rmmol_true,RMMol,536,1788,common_random,18.208749771118164,21.267899917977733
rmmol_true,RMMol,943,527,common_random,10.664154052734377,8.353442100390103
rmmol_true,RMMol,1061,1558,common_random,3.5793631076812744,2.457703545927204
rmmol_true,RMMol,590,43,common_random,4.926091194152832,11.553150710774418
rmmol_true,RMMol,1179,1185,common_random,2.924832582473755,1.645541183162079
rmmol_true,RMMol,923,1630,common_random,3.5462419986724854,2.535287607683633
rmmol_true,RMMol,1436,543,common_random,20.90561866760254,18.48136629506691
rmmol_true,RMMol,1417,278,common_random,7.579209804534912,9.271211673321991
rmmol_true,RMMol,1427,150,common_random,4.202728748321533,3.738897773073404
rmmol_true,RMMol,1852,237,common_random,25.73554992675781,27.44454712623823
rmmol_true,RMMol,1301,1620,common_random,4.692562580108643,3.572738940481468
rmmol_true,RMMol,916,1473,common_random,3.743070125579834,1.971612912883312
rmmol_true,RMMol,829,1292,common_random,3.942712783813477,1.777834685230257
rmmol_true,RMMol,292,883,common_random,12.658753395080566,13.235207445500407
rmmol_true,RMMol,525,1882,common_random,5.232022762298584,3.7615823760130542
rmmol_true,RMMol,635,571,common_random,2.5024993419647217,3.8690062273845167
rmmol_true,RMMol,1217,1128,common_random,2.233798027038574,1.876002945117971
rmmol_true,RMMol,1852,819,common_random,5.365007400512695,3.883152793660599
rmmol_true,RMMol,1752,1127,common_random,2.035642147064209,1.4452868977511877
rmmol_true,RMMol,1572,1603,common_random,6.044960498809815,4.764428706484336
rmmol_true,RMMol,525,19,common_random,1.402126669883728,3.413498923228768
rmmol_true,RMMol,1813,1469,common_random,2.549339771270752,1.1837317731672554
rmmol_true,RMMol,383,1471,common_random,6.2039666175842285,1.9802708341537223
rmmol_true,RMMol,536,1651,common_random,22.365079879760746,24.889185194169485
rmmol_true,RMMol,1562,1057,common_random,2.1105737686157227,2.007142470076112
rmmol_true,RMMol,30,150,common_random,4.285960674285889,4.750340253191715
rmmol_true,RMMol,387,1297,common_random,6.050955772399902,8.820361373074363
rmmol_true,RMMol,422,1541,common_random,6.458445072174072,10.283519601350068
rmmol_true,RMMol,269,1239,common_random,24.47565269470215,22.169600970854432
rmmol_true,RMMol,380,1776,common_random,6.472813129425049,2.4312276328559026
rmmol_true,RMMol,1980,1882,common_random,6.84691047668457,6.39545367084879
rmmol_true,RMMol,894,1080,common_random,3.796630382537842,2.9712166454752875
rmmol_true,RMMol,1290,1317,common_random,3.217219352722168,0.866735288245919
rmmol_true,RMMol,1986,1211,common_random,12.31276035308838,14.8362655565279
rmmol_true,RMMol,877,1111,common_random,3.979511260986328,2.679506391321094
rmmol_true,RMMol,1165,1581,common_random,5.891210556030273,6.619715890481251
rmmol_true,RMMol,802,1103,common_random,9.763660430908203,4.963892925176502
rmmol_true,RMMol,1663,590,common_random,11.005571365356444,5.821045740820808
rmmol_true,RMMol,1174,1080,common_random,2.3959145545959477,4.03260827303325
rmmol_true,RMMol,1030,1608,common_random,3.872065782546997,6.391208846975082
rmmol_true,RMMol,1416,321,common_random,11.419429779052734,12.226213865180434
rmmol_true,RMMol,1454,220,common_random,4.845038890838623,6.811338520406546
rmmol_true,RMMol,1631,1820,common_random,2.613211870193481,2.33568928447156
rmmol_true,RMMol,1164,1488,common_random,6.213295936584473,6.830934428205703
rmmol_true,RMMol,916,682,common_random,9.760656356811523,18.42816685154067
rmmol_true,RMMol,1306,819,common_random,5.399585723876953,2.0628811521567108
rmmol_true,RMMol,665,77,common_random,3.503389835357666,4.263672869860413
rmmol_true,RMMol,1326,1164,common_random,3.543280124664306,4.764245806414214
rmmol_true,RMMol,943,425,common_random,13.737481117248535,15.712539517010006
rmmol_true,RMMol,1719,891,common_random,2.613744020462036,2.365076987890599
rmmol_true,RMMol,215,1664,common_random,10.785405158996582,5.978532449363028
rmmol_true,RMMol,1216,1032,common_random,4.251523971557617,2.32955921151013
rmmol_true,RMMol,521,1175,common_random,21.50127220153809,17.06864968022172
rmmol_true,RMMol,1485,954,common_random,3.4431846141815186,4.017578155177418
rmmol_true,RMMol,1306,1081,common_random,4.843523979187012,3.344661127374027
rmmol_true,RMMol,1150,1931,common_random,10.384273529052734,9.987710133536956
rmmol_true,RMMol,1221,265,common_random,7.65333080291748,5.848147505890321
rmmol_true,RMMol,1043,1049,common_random,1.6255649328231812,2.789918398459858
rmmol_true,RMMol,943,1214,common_random,3.3548777103424072,1.0830041808745012
rmmol_true,RMMol,265,1502,common_random,7.470376968383789,4.746612100271755
rmmol_true,RMMol,1738,1146,common_random,2.524797201156616,1.8110837312651544
rmmol_true,RMMol,1152,1493,common_random,4.552698612213135,2.2963275958351583
rmmol_true,RMMol,1481,1599,common_random,5.341715335845947,2.606423558068579
rmmol_true,RMMol,1296,662,common_random,5.040289402008057,9.379011814339256
rmmol_true,RMMol,622,1146,common_random,8.28408432006836,7.872584547757839
rmmol_true,RMMol,1403,1298,common_random,3.5117735862731934,1.9909905090185545
rmmol_true,RMMol,1575,759,common_random,25.04881477355957,24.682118713514992
rmmol_true,RMMol,1698,1653,common_random,5.399038791656494,7.084437980081049
rmmol_true,RMMol,1806,1980,common_random,9.196843147277832,12.986363381398542
rmmol_true,RMMol,1170,233,common_random,4.237436294555664,4.253521042681595
rmmol_true,RMMol,1823,1747,common_random,2.931809186935425,2.0910483161869937
rmmol_true,RMMol,1445,596,common_random,8.618162155151367,6.287593587757398
rmmol_true,RMMol,886,1621,common_random,3.5178380012512207,3.594783765893523
rmmol_true,RMMol,1719,269,common_random,23.278400421142575,20.227137598341127
rmmol_true,RMMol,1741,1592,common_random,9.73913860321045,5.904092363774215
rmmol_true,RMMol,1841,1470,common_random,3.669711112976074,2.421944123023074
rmmol_true,RMMol,47,1040,common_random,13.345444679260254,19.055765623333507
rmmol_true,RMMol,585,607,common_random,18.77477264404297,13.950595062446036
rmmol_true,RMMol,633,882,common_random,11.5482177734375,15.87141027093839
rmmol_true,RMMol,344,2011,common_random,12.983896255493164,15.168099169547077
rmmol_true,RMMol,641,284,common_random,12.07471752166748,12.958273301425944
rmmol_true,RMMol,641,1482,common_random,21.452905654907227,19.133437574374863
rmmol_true,RMMol,1254,491,common_random,20.22862434387207,17.477154544594082
rmmol_true,RMMol,866,1130,common_random,2.3648924827575684,1.6590560364180875
rmmol_true,RMMol,1137,1044,common_random,4.201613903045654,2.804551146184631
rmmol_true,RMMol,975,1330,common_random,2.3261139392852783,1.6660481494231705
rmmol_true,RMMol,525,297,common_random,15.249553680419922,8.62474159667726
rmmol_true,RMMol,1797,1103,common_random,2.8527989387512207,1.3311756930349397
rmmol_true,RMMol,607,1711,common_random,3.510182857513428,9.959790279633944
rmmol_true,RMMol,960,1454,common_random,3.989388465881348,1.2900703268076754
rmmol_true,RMMol,2000,1579,common_random,11.395660400390623,5.002899014870665
rmmol_true,RMMol,448,54,common_random,2.225473403930664,3.4238404989999816
rmmol_true,RMMol,1641,508,common_random,24.045808792114254,15.999259940099495
rmmol_true,RMMol,1636,225,common_random,11.668675422668455,9.075411009749974
rmmol_true,RMMol,1111,1469,common_random,2.2198967933654785,1.5747400455366023
rmmol_true,RMMol,200,1254,common_random,5.14577579498291,2.3063808161855537
rmmol_true,RMMol,1195,1392,common_random,4.4055023193359375,3.1424663498994687
rmmol_true,RMMol,1753,1776,common_random,6.11701774597168,4.895429022915589
rmmol_true,RMMol,571,1542,common_random,6.393984794616699,10.039366646379472
rmmol_true,RMMol,1398,832,common_random,6.67243766784668,7.079985023912434
rmmol_true,RMMol,143,235,common_random,17.004962921142578,11.464285138369302
rmmol_true,RMMol,1046,1061,common_random,5.300995826721191,2.75447596623554
rmmol_true,RMMol,441,556,common_random,14.244668960571287,13.260891481937795
rmmol_true,RMMol,1491,1760,common_random,4.795578479766846,2.276142741119665
rmmol_true,RMMol,1612,1615,common_random,2.331270694732666,2.3038280868632546
rmmol_true,RMMol,1237,1719,common_random,3.3964953422546387,2.554929182954764
rmmol_true,RMMol,480,229,common_random,4.281988620758057,2.858613130197737
rmmol_true,RMMol,274,1035,common_random,9.872320175170898,14.938554810686773
rmmol_true,RMMol,1786,572,common_random,6.4431915283203125,10.503096546791262
rmmol_true,RMMol,1061,1813,common_random,2.330372095108032,1.373532520777704
rmmol_true,RMMol,281,1676,common_random,8.764078140258789,10.0750673326484
rmmol_true,RMMol,1710,184,common_random,12.406391143798828,21.54979377825445
rmmol_true,RMMol,1156,449,common_random,22.225570678710938,24.848709853153192
rmmol_true,RMMol,1130,936,common_random,4.069612503051758,1.920116201604612
rmmol_true,RMMol,679,309,common_random,10.605964660644531,12.714335597279527
rmmol_true,RMMol,2019,918,common_random,15.080132484436035,18.30875387056067
rmmol_true,RMMol,527,746,common_random,12.356164932250977,14.53416034580001
rmmol_true,RMMol,525,1450,common_random,6.36794376373291,9.368200066432957
rmmol_true,RMMol,433,1314,common_random,26.34754753112793,27.9315938826559
rmmol_true,RMMol,1299,1752,common_random,4.489813804626465,3.724234276578812
rmmol_true,RMMol,433,1495,common_random,27.243844985961918,28.75058423123308
rmmol_true,RMMol,1146,1631,common_random,4.904512405395508,1.154902889834685
rmmol_true,RMMol,671,1395,common_random,19.548629760742188,18.523473587111923
rmmol_true,RMMol,1840,1481,common_random,3.8722445964813232,1.2447798818842744
rmmol_true,RMMol,3,1532,common_random,29.199222564697266,32.5776355366373
rmmol_true,RMMol,1725,1583,common_random,2.514634132385254,1.9605400523266885
rmmol_true,RMMol,1491,558,common_random,8.536434173583984,7.074207155306816
rmmol_true,RMMol,1187,994,common_random,5.217123985290527,2.2820344460624624
rmmol_true,RMMol,47,131,common_random,2.546166181564331,8.514073109353165
rmmol_true,RMMol,1640,1203,common_random,3.0660057067871094,1.4479124331230304
rmmol_true,RMMol,544,1060,common_random,5.710200786590576,11.018937403394808
rmmol_true,RMMol,968,1231,common_random,2.632210493087769,1.83060006306022
rmmol_true,RMMol,1583,1307,common_random,5.316167831420898,2.4185370264184445
rmmol_true,RMMol,1460,1592,common_random,8.010092735290527,6.630560588004624
rmmol_true,RMMol,543,186,common_random,16.093481063842773,17.22541577718041
rmmol_true,RMMol,863,1825,common_random,3.86210823059082,2.5680251472446387
rmmol_true,RMMol,1785,180,common_random,6.102880477905273,9.851789243350243
rmmol_true,RMMol,134,452,common_random,24.216209411621094,25.012149516998715
rmmol_true,RMMol,1303,1469,common_random,3.5077459812164307,1.7309628387358826
rmmol_true,RMMol,1210,887,common_random,3.2240378856658936,1.6337188180848727
rmmol_true,RMMol,1058,322,common_random,8.6259765625,3.4052897269421987
rmmol_true,RMMol,265,558,common_random,2.884397268295288,1.8353534098993864
rmmol_true,RMMol,1210,181,common_random,24.17930030822754,29.39554859802026
rmmol_true,RMMol,1046,1168,common_random,4.730403423309326,1.7366070003779848
rmmol_true,RMMol,1617,290,common_random,4.567541599273682,8.177318888778077
rmmol_true,RMMol,1476,1836,common_random,2.97144627571106,1.9334473110077368
rmmol_true,RMMol,430,153,common_random,5.513789176940918,11.297284491046996
rmmol_true,RMMol,1822,553,common_random,11.453872680664062,17.74275438229842
rmmol_true,RMMol,1718,1033,common_random,1.902604341506958,1.669386664555162
rmmol_true,RMMol,1152,1632,common_random,2.29842472076416,2.179854726356304
rmmol_true,RMMol,2000,170,common_random,5.376143932342529,3.3937174366562424
rmmol_true,RMMol,430,72,common_random,3.096143960952759,4.983127946785833
rmmol_true,RMMol,1488,393,common_random,9.877568244934082,12.246267294265156
rmmol_true,RMMol,1209,1618,common_random,3.481114387512207,4.385636787715819
rmmol_true,RMMol,43,1676,common_random,14.477031707763672,15.529928088564168
rmmol_true,RMMol,36,1055,common_random,26.13332939147949,27.14752211690889
rmmol_true,RMMol,1612,1806,common_random,2.6211109161376958,2.6620574505021923
rmmol_true,RMMol,1317,1502,common_random,3.8264856338500977,2.594953841210301
rmmol_true,RMMol,150,1464,common_random,6.497337818145752,7.679504500254247
rmmol_true,RMMol,1497,1846,common_random,2.5691723823547363,0.8287195411535312
rmmol_true,RMMol,1629,421,common_random,7.951953411102295,4.914696717645675
rmmol_true,RMMol,1039,530,common_random,23.441301345825195,24.009656492215136
rmmol_true,RMMol,1258,1392,common_random,5.814676284790039,5.68429113068649
rmmol_true,RMMol,479,1615,common_random,22.15628433227539,19.4662785848586
rmmol_true,RMMol,557,138,common_random,17.24705696105957,17.402923311540498
rmmol_true,RMMol,1348,684,common_random,19.875961303710938,25.73859300329805
rmmol_true,RMMol,1328,134,common_random,8.793401718139648,11.454449451147388
rmmol_true,RMMol,1160,364,common_random,4.903802871704102,1.400824134320536
rmmol_true,RMMol,422,1726,common_random,10.037425994873049,14.364839104737614
rmmol_true,RMMol,917,542,common_random,8.527311325073242,11.230404400893883
rmmol_true,RMMol,177,1312,common_random,9.18548583984375,5.255483291709891
rmmol_true,RMMol,1469,1641,common_random,2.7701218128204346,1.1579892987592464
rmmol_true,RMMol,1738,712,common_random,21.726289749145508,23.80849391793856
rmmol_true,RMMol,1413,545,common_random,24.34452438354492,29.115699308920437
rmmol_true,RMMol,428,1309,common_random,7.9094696044921875,7.15861181760947
rmmol_true,RMMol,307,1835,common_random,9.415263175964355,14.158582174529416
rmmol_true,RMMol,1616,1464,common_random,3.3565332889556885,4.800196839147267
rmmol_true,RMMol,1740,248,common_random,9.109174728393556,6.934232662135611
rmmol_true,RMMol,134,1642,common_random,9.994665145874023,12.58354658931158
rmmol_true,RMMol,448,1478,common_random,14.242006301879885,13.324757559460323
rmmol_true,RMMol,1384,1046,common_random,3.3261096477508545,1.4444454449330797
rmmol_true,RMMol,903,1532,common_random,2.9829938411712646,4.849876190720793
rmmol_true,RMMol,1903,1397,common_random,9.034523963928224,5.361237915713459
rmmol_true,RMMol,590,667,common_random,3.645609855651856,2.865599718282439
rmmol_true,RMMol,1407,452,common_random,33.18777847290039,37.85156366190847
rmmol_true,RMMol,1742,1741,common_random,1.0680047273635864,1.286606371826942
rmmol_true,RMMol,490,469,common_random,15.440738677978516,12.31841379549934
rmmol_true,RMMol,116,1198,common_random,24.834970474243164,30.5347896812484
rmmol_true,RMMol,1421,963,common_random,11.939933776855469,8.994995890202846
rmmol_true,RMMol,220,1448,common_random,4.952400207519531,4.7461693586214375
rmmol_true,RMMol,895,400,common_random,9.40536117553711,6.299867359092017
rmmol_true,RMMol,1326,1810,common_random,2.6223645210266118,1.29015943688436
rmmol_true,RMMol,950,393,common_random,7.274730682373047,10.62421624874177
rmmol_true,RMMol,233,1225,common_random,8.815017700195312,10.433593161709716
rmmol_true,RMMol,1341,1048,common_random,4.599341869354248,2.269181691299889
rmmol_true,RMMol,352,1108,common_random,21.555761337280277,20.49741211459841
rmmol_true,RMMol,545,890,common_random,25.55728530883789,29.64109789491673
rmmol_true,RMMol,1497,1629,common_random,2.3191962242126465,1.9144436520425527
rmmol_true,RMMol,982,322,common_random,10.036975860595703,2.12205170326674
rmmol_true,RMMol,1221,963,common_random,2.650579929351806,0.817535425730167
rmmol_true,RMMol,1686,1199,common_random,2.903859138488769,3.152530223936542
rmmol_true,RMMol,1144,433,common_random,25.9912052154541,24.89042211256967
rmmol_true,RMMol,1716,539,common_random,21.028966903686523,19.019517435833325
rmmol_true,RMMol,1703,1052,common_random,4.360198020935059,4.918858265561482
rmmol_true,RMMol,39,213,common_random,14.370491981506348,7.390327340676216
rmmol_true,RMMol,1730,534,common_random,7.896572589874268,12.894967888956346
rmmol_true,RMMol,129,585,common_random,11.289762496948242,6.370612392821822
rmmol_true,RMMol,308,1291,common_random,7.780929088592529,4.592667748807589
rmmol_true,RMMol,1446,676,common_random,20.19239044189453,21.764907872546495
rmmol_true,RMMol,1996,1306,common_random,18.69196128845215,26.091327348367336
rmmol_true,RMMol,111,678,common_random,9.481569290161133,14.851566157790376
rmmol_true,RMMol,923,564,common_random,9.819411277770996,13.591745289316586
rmmol_true,RMMol,1482,1562,common_random,2.699501276016236,2.5873697453574143
rmmol_true,RMMol,1546,1614,common_random,2.553753614425659,1.0239213423369815
rmmol_true,RMMol,237,306,common_random,19.938892364501957,18.581250761349096
rmmol_true,RMMol,833,1489,common_random,6.315128326416016,4.378096139069974
rmmol_true,RMMol,496,1469,common_random,21.57944869995117,20.422915150576088
rmmol_true,RMMol,1111,1827,common_random,3.832723617553711,2.490930794671212
rmmol_true,RMMol,1542,558,common_random,7.641716003417969,5.814023770986004
rmmol_true,RMMol,1739,1396,common_random,4.118331909179688,3.688316651769043
rmmol_true,RMMol,1545,1785,common_random,2.9020371437072754,0.8545813367537184
rmmol_true,RMMol,820,1188,common_random,3.2382113933563232,2.399748839289097
rmmol_true,RMMol,1896,1157,common_random,2.7232468128204346,3.710828561146895
rmmol_true,RMMol,1160,832,common_random,6.107321262359619,2.786334158704812
rmmol_true,RMMol,448,1398,common_random,15.257875442504885,14.61613820904936
rmmol_true,RMMol,1840,1642,common_random,3.828189849853516,1.4686540987451184
rmmol_true,RMMol,140,1231,common_random,9.66805362701416,12.681559127029384
rmmol_true,RMMol,1119,72,common_random,9.969569206237791,14.704746121566464
rmmol_true,RMMol,1695,1304,common_random,5.244838237762451,4.0998947505190255
rmmol_true,RMMol,1658,1590,common_random,5.0542826652526855,3.105582466591872
rmmol_true,RMMol,498,1140,common_random,11.62571620941162,6.074950936376116
rmmol_true,RMMol,298,981,common_random,22.669239044189453,23.758740354098684
rmmol_true,RMMol,574,128,common_random,2.675734043121338,1.4333877555033925
rmmol_true,RMMol,363,1645,common_random,8.36532211303711,9.682446486212536
rmmol_true,RMMol,1636,1400,common_random,3.516023635864258,1.723851645033684
rmmol_true,RMMol,452,556,common_random,26.486719131469727,27.738241625544088
rmmol_true,RMMol,1258,47,common_random,8.826778411865234,12.884439515397789
rmmol_true,RMMol,893,387,common_random,7.863048076629639,10.458343448320246
rmmol_true,RMMol,1090,536,common_random,19.021631240844727,20.88450206706384
rmmol_true,RMMol,234,399,common_random,19.88269424438477,26.461725363745963
rmmol_true,RMMol,671,1318,common_random,20.56065368652344,19.49460032738091
rmmol_true,RMMol,926,1208,common_random,3.600433349609375,1.9151714451385515
rmmol_true,RMMol,1175,1229,common_random,5.433536529541016,3.9116900223094033
rmmol_true,RMMol,1833,281,common_random,9.205218315124512,12.065627728988629
rmmol_true,RMMol,1718,1170,common_random,4.872885704040527,3.154523742679212
rmmol_true,RMMol,1476,1138,common_random,2.4394800662994385,1.0752928748887332
rmmol_true,RMMol,849,346,common_random,13.30948257446289,16.880797550948614
rmmol_true,RMMol,1090,1502,common_random,4.339743614196777,4.3167690665842855
rmmol_true,RMMol,970,1734,common_random,4.597536087036133,1.4954525124983191
rmmol_true,RMMol,1828,1441,common_random,5.061005592346191,3.706942641856032
rmmol_true,RMMol,546,115,common_random,27.917064666748047,44.61601725427438
rmmol_true,RMMol,1033,1393,common_random,4.423332691192627,2.192459872005204
rmmol_true,RMMol,877,910,common_random,6.969096660614014,5.986184019079189
rmmol_true,RMMol,1718,527,common_random,10.344963073730469,6.947460868312483
rmmol_true,RMMol,1212,649,common_random,21.56216812133789,24.653182967516088
rmmol_true,RMMol,3,1839,common_random,31.57738494873047,34.55369088219878
rmmol_true,RMMol,663,0,common_random,7.142708778381348,2.1924102435104538
rmmol_true,RMMol,632,679,common_random,14.28555679321289,15.33915778603507
rmmol_true,RMMol,1573,544,common_random,6.016197204589844,10.61057908558704
rmmol_true,RMMol,1054,390,common_random,7.516775608062744,8.240222487191767
rmmol_true,RMMol,1047,545,common_random,23.13909339904785,26.782715421063937
rmmol_true,RMMol,1714,1315,common_random,5.564680099487305,5.098825262142729
rmmol_true,RMMol,1057,654,common_random,19.24588966369629,18.68219182682215
rmmol_true,RMMol,1788,472,common_random,8.051597595214844,2.870135072509856
rmmol_true,RMMol,1184,1447,common_random,2.4280810356140137,1.2817000833248051
rmmol_true,RMMol,1319,907,common_random,5.647233486175537,1.976534479447278
rmmol_true,RMMol,893,2000,common_random,12.286725044250488,6.714861845550398
rmmol_true,RMMol,1601,1158,common_random,7.194409370422363,5.97139259258334
rmmol_true,RMMol,404,1614,common_random,4.377511501312256,10.60073933192096
rmmol_true,RMMol,251,331,common_random,4.512997150421143,6.457708269726468
rmmol_true,RMMol,678,1454,common_random,10.569067001342772,7.401408040379064
rmmol_true,RMMol,1931,944,common_random,9.119348526000977,7.50634612320624
rmmol_true,RMMol,1421,1227,common_random,13.241004943847656,10.612556868799809
rmmol_true,RMMol,1618,175,common_random,20.4189567565918,25.764202859696997
rmmol_true,RMMol,1841,271,common_random,6.573093891143799,2.8355862880962284
rmmol_true,RMMol,874,1764,common_random,4.185718536376953,2.985055242071981
rmmol_true,RMMol,1696,678,common_random,10.88294792175293,4.627810514732197
rmmol_true,RMMol,1647,712,common_random,20.103389739990234,21.253728067143708
rmmol_true,RMMol,1110,498,common_random,9.666633605957031,4.012666570690202
rmmol_true,RMMol,1793,1495,common_random,4.003781318664551,4.817083353013265
rmmol_true,RMMol,1986,152,common_random,4.346105098724365,3.821813776420642
rmmol_true,RMMol,1603,150,common_random,4.149969100952148,4.653382192381349
rmmol_true,RMMol,1719,1392,common_random,4.112276077270508,1.955487356980383
rmmol_true,RMMol,206,746,common_random,13.220751762390137,15.29816617906658
rmmol_true,RMMol,1208,249,common_random,22.19854736328125,29.26479166606249
rmmol_true,RMMol,1118,308,common_random,8.029097557067871,3.835370320561255
rmmol_true,RMMol,1480,1787,common_random,5.521877765655518,2.7070453292530705
rmmol_true,RMMol,1581,1723,common_random,4.463264465332031,3.3001105577504006
rmmol_true,RMMol,1587,1632,common_random,2.7181193828582764,2.3767951177254907
rmmol_true,RMMol,540,1631,common_random,7.946573734283447,14.792478929867196
rmmol_true,RMMol,383,1035,common_random,5.710599422454834,1.429477938590622
rmmol_true,RMMol,532,287,common_random,18.085073471069336,18.511119218964613
rmmol_true,RMMol,860,1898,common_random,10.728256225585938,9.153318156809195
rmmol_true,RMMol,1124,357,common_random,13.112497329711914,17.822171931224126
rmmol_true,RMMol,1608,883,common_random,5.487871646881104,6.869401672544639
rmmol_true,RMMol,1732,331,common_random,9.059279441833496,5.032515741472406
rmmol_true,RMMol,254,1579,common_random,10.43198585510254,13.627649596737346
rmmol_true,RMMol,2015,1722,common_random,17.721132278442383,21.408883698634398
rmmol_true,RMMol,1573,1675,common_random,3.118299961090088,1.0576026595640386
rmmol_true,RMMol,933,355,common_random,10.49375343322754,12.258444767932923
rmmol_true,RMMol,1758,271,common_random,8.436436653137207,4.041391533838249
rmmol_true,RMMol,1238,490,common_random,10.961714744567873,15.513447821435044
rmmol_true,RMMol,444,1690,common_random,4.34837007522583,2.7765256515155867
rmmol_true,RMMol,1111,1810,common_random,1.7171552181243896,1.1382201230333855
rmmol_true,RMMol,426,1416,common_random,5.294242858886719,2.8596046230012413
rmmol_true,RMMol,953,47,common_random,13.53599739074707,17.888385341585384
rmmol_true,RMMol,1020,1048,common_random,4.969321250915527,1.3868784752099317
rmmol_true,RMMol,671,259,common_random,14.515214920043944,15.32197524263156
rmmol_true,RMMol,1864,1215,common_random,11.688329696655272,8.699615851587689
rmmol_true,RMMol,1702,483,common_random,5.375733375549316,5.819470177981522
rmmol_true,RMMol,1402,1563,common_random,2.067927598953247,1.8206780712024029
rmmol_true,RMMol,1754,1615,common_random,4.867216110229492,5.03725880667372
rmmol_true,RMMol,1468,1841,common_random,4.079119682312012,2.04146748376977
rmmol_true,RMMol,600,1229,common_random,8.784250259399414,14.36712493536381
rmmol_true,RMMol,1610,394,common_random,6.982448577880859,1.8391846288520977
rmmol_true,RMMol,274,1733,common_random,11.684263229370115,14.393923111435774
rmmol_true,RMMol,849,295,common_random,6.549952030181885,11.337884248415593
rmmol_true,RMMol,1841,1241,common_random,4.754813194274902,2.3765810943420176
rmmol_true,RMMol,1862,559,common_random,9.893838882446287,8.61346367368716
rmmol_true,RMMol,308,322,common_random,3.453437566757202,2.4812113927404944
rmmol_true,RMMol,676,1655,common_random,20.91246032714844,22.78238963535521
rmmol_true,RMMol,1639,1493,common_random,5.454679012298584,2.751752055540285
rmmol_true,RMMol,893,1786,common_random,3.912270784378052,1.7372720008698928
rmmol_true,RMMol,367,1454,common_random,6.946398735046387,4.079655834443033
rmmol_true,RMMol,1130,39,common_random,7.810545921325684,9.46332889751008
rmmol_true,RMMol,1958,565,common_random,3.963195562362671,1.223642197547005
rmmol_true,RMMol,1056,679,common_random,18.44496726989746,18.724914303469674
rmmol_true,RMMol,524,1736,common_random,21.89093971252441,17.98799412679981
rmmol_true,RMMol,1563,1081,common_random,5.394207000732422,6.070161555601704
rmmol_true,RMMol,502,1179,common_random,4.407217979431152,6.274081355585792
rmmol_true,RMMol,558,956,common_random,8.41238784790039,7.419350762463663
rmmol_true,RMMol,1398,482,common_random,15.601106643676758,16.419344503998516
rmmol_true,RMMol,1126,1846,common_random,2.683580160140991,1.9758036749491448
rmmol_true,RMMol,1039,40,common_random,19.526212692260746,19.89508764278968
rmmol_true,RMMol,692,908,common_random,9.28036880493164,16.574775478022836
rmmol_true,RMMol,1728,1409,common_random,1.739713191986084,1.990034687881159
rmmol_true,RMMol,1965,1413,common_random,8.149949073791504,13.44294517463291
rmmol_true,RMMol,1078,1849,common_random,4.2649455070495605,5.872989411921116
rmmol_true,RMMol,1081,294,common_random,7.369900703430176,8.106772992900629
rmmol_true,RMMol,1416,873,common_random,3.8968987464904794,1.7360210202374764
rmmol_true,RMMol,1620,1138,common_random,4.285103797912598,3.206629800749956
rmmol_true,RMMol,1847,281,common_random,8.733498573303223,11.75732198437143
rmmol_true,RMMol,1185,1802,common_random,1.890673875808716,2.152011169787895
rmmol_true,RMMol,1817,1128,common_random,3.773333787918091,1.5442957768384926
rmmol_true,RMMol,1056,1900,common_random,9.96389389038086,7.527079516471844
rmmol_true,RMMol,1682,883,common_random,11.50355339050293,14.28512190201283
rmmol_true,RMMol,1484,959,common_random,3.365363121032715,1.0864915821183223
rmmol_true,RMMol,979,665,common_random,11.272069931030272,19.79174248566537
rmmol_true,RMMol,109,1156,common_random,35.969749450683594,45.82775099412916
rmmol_true,RMMol,415,1909,common_random,3.367542028427124,11.021143198489334
rmmol_true,RMMol,1633,364,common_random,9.426007270812988,5.833319227602586
rmmol_true,RMMol,348,1797,common_random,8.68107795715332,12.201608828371024
rmmol_true,RMMol,1849,943,common_random,2.145004272460937,1.3139042523088766
rmmol_true,RMMol,1909,1852,common_random,9.462644577026367,6.109283370598422
rmmol_true,RMMol,1829,1553,common_random,4.679839611053467,1.246212806108582
rmmol_true,RMMol,1823,1835,common_random,1.7629797458648682,2.2219696986864435
rmmol_true,RMMol,318,1620,common_random,8.643778800964355,10.944891896642588
rmmol_true,RMMol,617,703,common_random,14.563155174255373,13.60979209817299
rmmol_true,RMMol,1583,1786,common_random,4.297613620758057,2.2353868268429418
rmmol_true,RMMol,1188,1764,common_random,3.383656740188598,2.705850888253826
rmmol_true,RMMol,1108,1916,common_random,9.898024559020996,7.41372618997733
rmmol_true,RMMol,1902,1487,common_random,9.993619918823242,6.887160346201365
rmmol_true,RMMol,1239,490,common_random,10.267081260681152,15.73893631077788
rmmol_true,RMMol,387,298,common_random,17.92619514465332,15.936532031403065
rmmol_true,RMMol,1835,1261,common_random,4.776876449584961,2.7011112601344776
rmmol_true,RMMol,1314,1846,common_random,3.401427745819092,1.4101599189061846
rmmol_true,RMMol,1052,1599,common_random,4.156782150268555,3.116586406995724
rmmol_true,RMMol,201,780,common_random,2.937451124191284,2.434264051554599
rmmol_true,RMMol,1827,1787,common_random,4.652836322784424,4.253372982950528
rmmol_true,RMMol,937,1502,common_random,3.4715235233306885,2.783029357387784
rmmol_true,RMMol,486,1463,common_random,20.024242401123047,23.26292511630806
rmmol_true,RMMol,1556,134,common_random,7.985395908355713,10.941066102028568
rmmol_true,RMMol,503,201,common_random,3.387521982192993,6.154577957119449
rmmol_true,RMMol,957,1201,common_random,4.020342826843262,2.0475396459339743
rmmol_true,RMMol,1229,1472,common_random,3.901468753814697,4.27727642145378
rmmol_true,RMMol,422,1047,common_random,7.466705799102783,10.74601998352697
rmmol_true,RMMol,276,1703,common_random,9.92795181274414,10.965897374407524
rmmol_true,RMMol,936,1468,common_random,2.9330034255981445,2.1377871389744434
rmmol_true,RMMol,1496,1608,common_random,5.454850673675537,6.950353446734859
rmmol_true,RMMol,1819,1743,common_random,4.248599529266357,2.716870603858791
rmmol_true,RMMol,1133,1618,common_random,4.464017391204834,2.7354308612305824
rmmol_true,RMMol,1850,1702,common_random,5.371142387390137,3.6984769486996
rmmol_true,RMMol,475,1585,common_random,8.985067367553711,13.03846936421625
rmmol_true,RMMol,113,109,common_random,27.847902297973636,33.18744231669875
rmmol_true,RMMol,1945,1663,common_random,12.649287223815918,8.571306857387844
rmmol_true,RMMol,1035,1307,common_random,4.490331649780273,1.1713428788239573
rmmol_true,RMMol,1211,1170,common_random,5.116386890411377,4.859323462116594
rmmol_true,RMMol,498,1631,common_random,10.395615577697754,6.025749975647687
rmmol_true,RMMol,1057,1624,common_random,4.016698360443115,2.110767071137112
rmmol_true,RMMol,267,47,common_random,6.234434604644775,12.308053710155564
rmmol_true,RMMol,96,671,common_random,7.721922874450684,7.247958124583981
rmmol_true,RMMol,926,415,common_random,7.136169910430908,15.02047915535309
rmmol_true,RMMol,875,1750,common_random,3.099076509475708,2.862769600846782
rmmol_true,RMMol,1239,1049,common_random,4.803096771240234,2.5005449891900158
rmmol_true,RMMol,215,1743,common_random,9.61811065673828,4.632237389999031
rmmol_true,RMMol,641,503,common_random,10.521685600280762,2.4803640411982166
rmmol_true,RMMol,1185,1406,common_random,4.835183143615723,2.9399423567573577
rmmol_true,RMMol,1687,119,common_random,6.382014274597168,11.538268346188849
rmmol_true,RMMol,875,1210,common_random,4.507325649261475,1.7277427736970674
rmmol_true,RMMol,635,1188,common_random,5.157529354095459,5.0838491721084536
rmmol_true,RMMol,1047,129,common_random,11.99358367919922,16.439984113687334
rmmol_true,RMMol,1183,1625,common_random,2.2281179428100586,2.157458789751193
rmmol_true,RMMol,1113,1323,common_random,3.482130527496338,1.7070673373385945
rmmol_true,RMMol,1472,1802,common_random,3.171625852584839,1.4666942855478275
rmmol_true,RMMol,1810,1743,common_random,4.255918025970459,3.634616800901437
rmmol_true,RMMol,1585,508,common_random,23.454301834106445,16.437567175046095
rmmol_true,RMMol,1153,1588,common_random,1.7363922595977783,1.4469513282895758
rmmol_true,RMMol,872,72,common_random,8.841242790222168,15.473689402933514
rmmol_true,RMMol,1657,1230,common_random,3.627191066741944,4.834764570541717
rmmol_true,RMMol,1722,1242,common_random,2.7866146564483643,1.6703889898914428
rmmol_true,RMMol,1892,1195,common_random,10.374018669128418,6.661083457839487
rmmol_true,RMMol,1703,1348,common_random,2.345362901687622,3.284258232357351
rmmol_true,RMMol,46,1739,common_random,15.957512855529783,18.255219240209048
rmmol_true,RMMol,1468,427,common_random,7.259645462036133,8.690285344693635
rmmol_true,RMMol,1330,292,common_random,12.427260398864746,13.027179215258473
rmmol_true,RMMol,1582,1818,common_random,2.5822324752807617,1.8871538465313928
rmmol_true,RMMol,1232,1602,common_random,5.140442848205566,3.610324252734645
rmmol_true,RMMol,1187,1902,common_random,8.346107482910156,3.913596904113037
rmmol_true,RMMol,1442,848,common_random,3.3421692848205566,1.336687606438444
rmmol_true,RMMol,553,1048,common_random,9.331629753112791,15.633806000641597
rmmol_true,RMMol,328,1042,common_random,8.625926971435547,12.83022351298559
rmmol_true,RMMol,1575,449,common_random,21.86642074584961,23.69387195840572
unimol,UniMol,1477,250,common_random,9.561339378356934,18.783061041273065
unimol,UniMol,1718,1348,common_random,2.911534309387207,1.8290707187601012
unimol,UniMol,1546,1381,common_random,1.9384599924087524,1.4633487279721058
unimol,UniMol,890,27,common_random,9.443848609924316,15.451989388755278
unimol,UniMol,1604,1479,common_random,3.710193157196045,4.80035768158822
unimol,UniMol,316,290,common_random,3.96000337600708,2.125459636928161
unimol,UniMol,1310,666,common_random,6.372037410736084,6.865389545651963
unimol,UniMol,1448,1819,common_random,2.9352970123291016,3.4970959039629794
unimol,UniMol,1179,598,common_random,8.401008605957031,16.12844461102779
unimol,UniMol,472,1714,common_random,5.650182247161865,2.758776367212864
unimol,UniMol,264,1448,common_random,7.510477542877197,14.709999660913471
unimol,UniMol,666,391,common_random,2.682024478912353,4.012669107167072
unimol,UniMol,303,483,common_random,2.173367977142334,5.952817842623443
unimol,UniMol,1184,1297,common_random,2.442598581314087,1.2457814201759725
unimol,UniMol,1718,1403,common_random,2.589473247528076,2.038931407619758
unimol,UniMol,1731,137,common_random,11.198564529418944,27.569158064221444
unimol,UniMol,1848,1752,common_random,2.9776270389556885,1.6313943981407404
unimol,UniMol,491,1695,common_random,9.030908584594728,17.723670332123078
unimol,UniMol,171,119,common_random,6.0080342292785645,13.257302452630524
unimol,UniMol,465,1131,common_random,8.001631736755371,9.35984561557314
unimol,UniMol,11,1731,common_random,8.876357078552246,20.50547464781678
unimol,UniMol,1482,1616,common_random,2.551424026489258,3.5016759531651576
unimol,UniMol,776,1404,common_random,5.719455718994141,9.575387692560616
unimol,UniMol,1325,46,common_random,9.122294425964355,18.73606331443188
unimol,UniMol,539,51,common_random,4.193933963775635,1.1980746276243084
unimol,UniMol,1810,443,common_random,9.239737510681152,22.170514063396524
unimol,UniMol,1987,1140,common_random,8.092316627502441,18.287215970144896
unimol,UniMol,967,682,common_random,8.443036079406738,22.164767110199936
unimol,UniMol,1669,1641,common_random,2.02288818359375,2.38749780336292
unimol,UniMol,1803,1063,common_random,2.270336627960205,1.5740800887490207
unimol,UniMol,328,1055,common_random,6.907252311706543,13.320857163282328
unimol,UniMol,1447,1040,common_random,2.098482608795166,2.5626690280551965
unimol,UniMol,736,1327,common_random,10.590227127075195,30.442874351614744
unimol,UniMol,180,1131,common_random,7.534901142120361,11.888467850035026
unimol,UniMol,1986,1945,common_random,3.081383466720581,6.547075036639117
unimol,UniMol,1719,1591,common_random,2.6827480792999268,1.641218225934506
unimol,UniMol,649,156,common_random,2.581859588623047,9.34514452911458
unimol,UniMol,630,706,common_random,2.2796218395233154,2.5891947455082245
unimol,UniMol,866,1938,common_random,6.6963372230529785,9.119568249374488
unimol,UniMol,171,665,common_random,4.139638423919678,8.90120823999752
unimol,UniMol,1671,229,common_random,7.574268341064453,9.509212243353518
unimol,UniMol,1740,1739,common_random,1.312041163444519,1.3029357524302456
unimol,UniMol,1305,1654,common_random,2.6801769733428955,2.0672584354069694
unimol,UniMol,1681,1557,common_random,5.500016689300537,11.74745416833352
unimol,UniMol,692,1856,common_random,4.926528930664063,15.268667767830284
unimol,UniMol,96,1167,common_random,6.684743881225586,9.814358092707543
unimol,UniMol,1184,399,common_random,9.659066200256348,26.308110410075397
unimol,UniMol,1042,452,common_random,11.317203521728516,36.05548889712871
unimol,UniMol,1056,536,common_random,8.790948867797852,24.55745790390377
unimol,UniMol,1786,1828,common_random,2.6398403644561768,1.5944529785568975
unimol,UniMol,1048,1231,common_random,4.082239151000977,3.6336521138762814
unimol,UniMol,574,946,common_random,6.309318542480469,6.7997684970261405
unimol,UniMol,166,966,common_random,12.259726524353027,31.76644261370308
unimol,UniMol,412,1234,common_random,8.974641799926758,13.738861622211596
unimol,UniMol,1945,582,common_random,5.553193092346191,17.264913913858912
unimol,UniMol,972,1503,common_random,3.2358522415161133,2.554369770271761
unimol,UniMol,167,1470,common_random,7.907112121582031,14.801375019541933
unimol,UniMol,1403,473,common_random,9.78956413269043,19.37490448151132
unimol,UniMol,1214,636,common_random,5.679691314697266,3.561486578672518
unimol,UniMol,1107,671,common_random,10.13515567779541,20.115012345531504
unimol,UniMol,303,2022,common_random,4.672179222106934,17.881167443151934
unimol,UniMol,1445,1383,common_random,2.7950456142425537,2.645761326022041
unimol,UniMol,1752,287,common_random,6.239864826202393,10.611681586008372
unimol,UniMol,1133,1753,common_random,3.3649070262908936,2.852185288892455
unimol,UniMol,631,274,common_random,4.638822555541992,6.269340796243935
unimol,UniMol,1532,859,common_random,2.75944447517395,2.549405005976593
unimol,UniMol,867,473,common_random,9.992234230041504,18.92275007329164
unimol,UniMol,1055,1841,common_random,2.3388805389404297,1.4395133272878635
unimol,UniMol,1480,1077,common_random,2.897850513458252,4.542955860351287
unimol,UniMol,1459,1208,common_random,3.510764837265014,2.559830790498048
unimol,UniMol,411,166,common_random,3.780136585235596,5.877144042279207
unimol,UniMol,522,1130,common_random,6.558398723602295,9.74143903634162
unimol,UniMol,1137,1030,common_random,2.9188311100006104,2.4359998605295066
unimol,UniMol,890,1210,common_random,2.635807514190674,1.683371337965105
unimol,UniMol,242,1456,common_random,8.314261436462402,14.938237982817158
unimol,UniMol,1152,331,common_random,7.472973823547363,5.893945415547126
unimol,UniMol,181,1080,common_random,8.471979141235352,23.93558240729756
unimol,UniMol,1081,1965,common_random,5.361730575561523,8.53375531585217
unimol,UniMol,280,1619,common_random,6.721681118011475,6.9092706441627145
unimol,UniMol,1562,2019,common_random,9.576029777526855,22.50823432766336
unimol,UniMol,1454,1689,common_random,2.6050713062286377,6.0299326980026215
unimol,UniMol,1796,500,common_random,6.009224891662598,8.877684696392297
unimol,UniMol,959,872,common_random,1.4943392276763916,0.9011181618769476
unimol,UniMol,1909,418,common_random,3.940467119216919,8.586526922769965
unimol,UniMol,903,472,common_random,4.880021095275879,2.891127594313426
unimol,UniMol,488,167,common_random,3.766497611999512,6.457787768392933
unimol,UniMol,174,1848,common_random,10.67629623413086,26.920820017633577
unimol,UniMol,1637,1141,common_random,3.0047292709350586,3.7132168456796446
unimol,UniMol,669,1634,common_random,6.872013092041016,10.41960537993772
unimol,UniMol,703,1645,common_random,9.706460952758787,25.144239660206217
unimol,UniMol,1826,440,common_random,10.702370643615724,31.02939601751246
unimol,UniMol,1745,1379,common_random,2.842483758926392,2.495946582030648
unimol,UniMol,1141,607,common_random,6.604725360870361,11.768915019248391
unimol,UniMol,1851,649,common_random,10.0267915725708,24.93917229747369
unimol,UniMol,1324,72,common_random,8.41012954711914,17.3424218112296
unimol,UniMol,1414,1328,common_random,1.9482284784317017,1.784899893668834
unimol,UniMol,360,1309,common_random,8.448136329650879,14.629485500698983
unimol,UniMol,678,1032,common_random,8.779516220092773,6.883891605583052
unimol,UniMol,1693,364,common_random,5.660290241241455,2.5498767260954622
unimol,UniMol,1135,950,common_random,3.381829261779785,4.3576814569385975
unimol,UniMol,940,879,common_random,2.554521083831787,3.153739980444617
unimol,UniMol,1464,917,common_random,3.080352783203125,4.2255790564130296
unimol,UniMol,1829,1051,common_random,3.15067458152771,1.687161644107879
unimol,UniMol,2019,940,common_random,9.073553085327148,21.00163555633537
unimol,UniMol,1582,582,common_random,10.43305492401123,25.970371482733107
unimol,UniMol,1142,77,common_random,7.898007869720459,15.62706574587583
unimol,UniMol,18,229,common_random,5.354552745819092,11.796949510759193
unimol,UniMol,126,1427,common_random,9.637395858764648,25.45286680296508
unimol,UniMol,972,1776,common_random,3.8433375358581534,5.164205758117487
unimol,UniMol,906,1600,common_random,2.966222047805786,2.2973127716079644
unimol,UniMol,408,1283,common_random,4.51478910446167,3.0452033988907816
unimol,UniMol,1836,1502,common_random,3.5506796836853027,2.798532207220872
unimol,UniMol,692,1283,common_random,8.758018493652344,22.741440261676512
unimol,UniMol,1305,1480,common_random,2.552676200866699,0.79716097128377
unimol,UniMol,30,982,common_random,7.65867280960083,10.845423640685723
unimol,UniMol,852,1670,common_random,4.286150932312012,2.511631513065748
unimol,UniMol,1663,1234,common_random,2.721977949142456,2.539627623348312
unimol,UniMol,622,973,common_random,6.359407424926758,6.333805506209669
unimol,UniMol,1827,595,common_random,7.681375503540039,14.035852699570972
unimol,UniMol,1204,1438,common_random,3.0267720222473145,4.124974372740546
unimol,UniMol,251,980,common_random,7.353340148925781,2.287225466600618
unimol,UniMol,669,581,common_random,3.205801486968994,2.955003571562086
unimol,UniMol,2021,1213,common_random,9.00802993774414,16.444449968187378
unimol,UniMol,399,1839,common_random,10.66253662109375,28.921872009125263
unimol,UniMol,166,428,common_random,7.369831562042236,23.548231322208096
unimol,UniMol,1215,1398,common_random,2.3018929958343506,2.3515236189139275
unimol,UniMol,1120,596,common_random,8.03342342376709,9.01997210828828
unimol,UniMol,1044,1842,common_random,2.2104268074035645,1.6846613489956843
unimol,UniMol,553,1067,common_random,7.757948875427246,16.348641547711647
unimol,UniMol,1261,1099,common_random,2.0007715225219727,2.1208219849105947
unimol,UniMol,1410,1843,common_random,2.057983636856079,1.4403744322195542
unimol,UniMol,1593,1325,common_random,6.663550853729248,6.969757660903927
unimol,UniMol,1588,1753,common_random,2.686845302581787,3.447806810072813
unimol,UniMol,684,1740,common_random,9.740514755249023,27.48957910692395
unimol,UniMol,1477,848,common_random,2.5405361652374268,1.7959758536262769
unimol,UniMol,604,229,common_random,7.314816951751709,10.327037874197746
unimol,UniMol,267,1242,common_random,5.974119186401367,4.947212102682308
unimol,UniMol,1664,1669,common_random,2.90422797203064,2.3333556386405445
unimol,UniMol,47,394,common_random,3.7003345489501953,15.261318201824064
unimol,UniMol,973,1826,common_random,3.654223918914795,2.3650177861594104
unimol,UniMol,823,295,common_random,5.751072406768799,6.020428161377539
unimol,UniMol,46,1598,common_random,4.391607761383057,10.975404574916178
unimol,UniMol,1044,1568,common_random,2.672279357910156,2.053223436673369
unimol,UniMol,1084,1484,common_random,3.060293436050415,3.106799597105471
unimol,UniMol,274,1135,common_random,6.636300563812256,12.64677632531992
unimol,UniMol,1611,1556,common_random,3.144984722137451,1.8817690192063252
unimol,UniMol,1099,1149,common_random,2.78873872756958,3.319057111670249
unimol,UniMol,1578,1457,common_random,2.482569932937622,1.243466124343195
unimol,UniMol,274,1567,common_random,7.035040378570557,16.196170087595274
unimol,UniMol,1243,1452,common_random,3.3313865661621094,4.781066024859599
unimol,UniMol,585,1193,common_random,9.007808685302734,23.5269645225112
unimol,UniMol,1113,1604,common_random,2.4724526405334477,3.917205358815488
unimol,UniMol,1089,1759,common_random,4.530643939971924,4.733063659582804
unimol,UniMol,128,666,common_random,1.7182049751281738,2.282064339621517
unimol,UniMol,64,418,common_random,3.439424753189087,5.396036829183376
unimol,UniMol,393,447,common_random,2.1860194206237797,4.251289846147632
unimol,UniMol,1229,641,common_random,9.627129554748535,21.71347323843691
unimol,UniMol,1207,1058,common_random,3.885978937149048,4.126226833025116
unimol,UniMol,1302,418,common_random,7.295615196228027,14.520001997880785
unimol,UniMol,99,1741,common_random,5.4196085929870605,2.816505011995948
unimol,UniMol,1586,1705,common_random,3.608360767364502,5.069881692190828
unimol,UniMol,950,345,common_random,10.226844787597656,24.539017010677007
unimol,UniMol,1148,1181,common_random,3.963488817214966,4.747037457730506
unimol,UniMol,1310,1718,common_random,2.3962209224700928,1.5015479050747655
unimol,UniMol,958,701,common_random,6.217015743255615,7.104283768725172
unimol,UniMol,1121,1481,common_random,3.193487882614136,1.7229455671841258
unimol,UniMol,308,1297,common_random,4.901501178741455,2.095097903644427
unimol,UniMol,1038,1864,common_random,4.877196311950684,5.947963941818404
unimol,UniMol,1665,250,common_random,10.23481559753418,21.03357061380508
unimol,UniMol,1397,1603,common_random,2.710432767868042,4.5709018484950175
unimol,UniMol,1620,501,common_random,7.726548194885254,14.037055890545004
unimol,UniMol,251,1666,common_random,7.17279577255249,1.7933784897569822
unimol,UniMol,1769,2122,common_random,4.689043998718262,4.539899236202992
unimol,UniMol,678,1184,common_random,8.015617370605469,5.8545985940276815
unimol,UniMol,1816,357,common_random,9.3327054977417,19.22355493025599
unimol,UniMol,1718,1687,common_random,3.0141801834106445,2.329970746385161
unimol,UniMol,1720,912,common_random,4.114397048950195,4.964247627768321
unimol,UniMol,1584,379,common_random,10.256319999694824,22.539517063794516
unimol,UniMol,536,1788,common_random,8.752092361450195,21.267899917977733
unimol,UniMol,943,527,common_random,7.543578624725342,8.353442100390103
unimol,UniMol,1061,1558,common_random,3.164942502975464,2.457703545927204
unimol,UniMol,590,43,common_random,3.016595363616944,11.553150710774418
unimol,UniMol,1179,1185,common_random,3.3650691509246826,1.645541183162079
unimol,UniMol,923,1630,common_random,2.647892713546753,2.535287607683633
unimol,UniMol,1436,543,common_random,9.129491806030272,18.48136629506691
unimol,UniMol,1417,278,common_random,7.4863667488098145,9.271211673321991
unimol,UniMol,1427,150,common_random,5.626809597015381,3.738897773073404
unimol,UniMol,1852,237,common_random,10.841180801391602,27.44454712623823
unimol,UniMol,1301,1620,common_random,2.33139967918396,3.572738940481468
unimol,UniMol,916,1473,common_random,3.9251842498779297,1.971612912883312
unimol,UniMol,829,1292,common_random,3.947172164916992,1.777834685230257
unimol,UniMol,292,883,common_random,8.1050386428833,13.235207445500407
unimol,UniMol,525,1882,common_random,4.584197998046875,3.7615823760130542
unimol,UniMol,635,571,common_random,2.294323444366455,3.8690062273845167
unimol,UniMol,1217,1128,common_random,2.138132333755493,1.876002945117971
unimol,UniMol,1852,819,common_random,4.513857841491699,3.883152793660599
unimol,UniMol,1752,1127,common_random,2.997386693954468,1.4452868977511877
unimol,UniMol,1572,1603,common_random,3.160030603408813,4.764428706484336
unimol,UniMol,525,19,common_random,3.656473636627197,3.413498923228768
unimol,UniMol,1813,1469,common_random,1.9902576208114624,1.1837317731672554
unimol,UniMol,383,1471,common_random,6.6092400550842285,1.9802708341537223
unimol,UniMol,536,1651,common_random,10.094155311584473,24.889185194169485
unimol,UniMol,1562,1057,common_random,3.640916109085083,2.007142470076112
unimol,UniMol,30,150,common_random,3.003547430038452,4.750340253191715
unimol,UniMol,387,1297,common_random,6.344090938568115,8.820361373074363
unimol,UniMol,422,1541,common_random,7.1558990478515625,10.283519601350068
unimol,UniMol,269,1239,common_random,10.25416088104248,22.169600970854432
unimol,UniMol,380,1776,common_random,5.597959995269775,2.4312276328559026
unimol,UniMol,1980,1882,common_random,5.14518404006958,6.39545367084879
unimol,UniMol,894,1080,common_random,3.4937169551849365,2.9712166454752875
unimol,UniMol,1290,1317,common_random,2.2825732231140137,0.866735288245919
unimol,UniMol,1986,1211,common_random,8.637459754943848,14.8362655565279
unimol,UniMol,877,1111,common_random,2.266502857208252,2.679506391321094
unimol,UniMol,1165,1581,common_random,3.643774509429932,6.619715890481251
unimol,UniMol,802,1103,common_random,4.665493488311768,4.963892925176502
unimol,UniMol,1663,590,common_random,8.555702209472656,5.821045740820808
unimol,UniMol,1174,1080,common_random,3.1539530754089355,4.03260827303325
unimol,UniMol,1030,1608,common_random,3.0712060928344727,6.391208846975082
unimol,UniMol,1416,321,common_random,8.090621948242188,12.226213865180434
unimol,UniMol,1454,220,common_random,5.954123497009277,6.811338520406546
unimol,UniMol,1631,1820,common_random,3.112137794494629,2.33568928447156
unimol,UniMol,1164,1488,common_random,4.038341045379639,6.830934428205703
unimol,UniMol,916,682,common_random,7.015110492706299,18.42816685154067
unimol,UniMol,1306,819,common_random,3.435665369033813,2.0628811521567108
unimol,UniMol,665,77,common_random,2.6563150882720947,4.263672869860413
unimol,UniMol,1326,1164,common_random,3.4656755924224854,4.764245806414214
unimol,UniMol,943,425,common_random,8.713846206665039,15.712539517010006
unimol,UniMol,1719,891,common_random,3.054173469543457,2.365076987890599
unimol,UniMol,215,1664,common_random,7.388866424560547,5.978532449363028
unimol,UniMol,1216,1032,common_random,2.2307775020599365,2.32955921151013
unimol,UniMol,521,1175,common_random,9.04171371459961,17.06864968022172
unimol,UniMol,1485,954,common_random,2.9641871452331543,4.017578155177418
unimol,UniMol,1306,1081,common_random,2.6856348514556885,3.344661127374027
unimol,UniMol,1150,1931,common_random,7.692507743835449,9.987710133536956
unimol,UniMol,1221,265,common_random,7.115321159362793,5.848147505890321
unimol,UniMol,1043,1049,common_random,1.8761273622512815,2.789918398459858
unimol,UniMol,943,1214,common_random,2.5227155685424805,1.0830041808745012
unimol,UniMol,265,1502,common_random,7.522774696350098,4.746612100271755
unimol,UniMol,1738,1146,common_random,2.0893051624298096,1.8110837312651544
unimol,UniMol,1152,1493,common_random,2.203737258911133,2.2963275958351583
unimol,UniMol,1481,1599,common_random,2.770944356918335,2.606423558068579
unimol,UniMol,1296,662,common_random,6.120282173156738,9.379011814339256
unimol,UniMol,622,1146,common_random,6.237196922302246,7.872584547757839
unimol,UniMol,1403,1298,common_random,2.3085620403289795,1.9909905090185545
unimol,UniMol,1575,759,common_random,9.723725318908691,24.682118713514992
unimol,UniMol,1698,1653,common_random,4.743011951446533,7.084437980081049
unimol,UniMol,1806,1980,common_random,7.588474750518799,12.986363381398542
unimol,UniMol,1170,233,common_random,5.146502494812012,4.253521042681595
unimol,UniMol,1823,1747,common_random,3.191330909729004,2.0910483161869937
unimol,UniMol,1445,596,common_random,7.017233371734619,6.287593587757398
unimol,UniMol,886,1621,common_random,2.748429536819458,3.594783765893523
unimol,UniMol,1719,269,common_random,9.909231185913086,20.227137598341127
unimol,UniMol,1741,1592,common_random,4.646622657775879,5.904092363774215
unimol,UniMol,1841,1470,common_random,2.5713226795196533,2.421944123023074
unimol,UniMol,47,1040,common_random,8.22812557220459,19.055765623333507
unimol,UniMol,585,607,common_random,6.572267532348633,13.950595062446036
unimol,UniMol,633,882,common_random,7.488088130950928,15.87141027093839
unimol,UniMol,344,2011,common_random,5.853061199188232,15.168099169547077
unimol,UniMol,641,284,common_random,4.364926338195801,12.958273301425944
unimol,UniMol,641,1482,common_random,9.001023292541504,19.133437574374863
unimol,UniMol,1254,491,common_random,8.813135147094727,17.477154544594082
unimol,UniMol,866,1130,common_random,1.9140424728393557,1.6590560364180875
unimol,UniMol,1137,1044,common_random,2.811432361602783,2.804551146184631
unimol,UniMol,975,1330,common_random,2.7027151584625244,1.6660481494231705
unimol,UniMol,525,297,common_random,6.066820621490479,8.62474159667726
unimol,UniMol,1797,1103,common_random,3.022366523742676,1.3311756930349397
unimol,UniMol,607,1711,common_random,5.686472892761231,9.959790279633944
unimol,UniMol,960,1454,common_random,3.0682826042175293,1.2900703268076754
unimol,UniMol,2000,1579,common_random,7.055723667144775,5.002899014870665
unimol,UniMol,448,54,common_random,2.451540946960449,3.4238404989999816
unimol,UniMol,1641,508,common_random,10.06545639038086,15.999259940099495
unimol,UniMol,1636,225,common_random,8.321717262268066,9.075411009749974
unimol,UniMol,1111,1469,common_random,1.7845858335494995,1.5747400455366023
unimol,UniMol,200,1254,common_random,4.580028057098389,2.3063808161855537
unimol,UniMol,1195,1392,common_random,2.5770373344421387,3.1424663498994687
unimol,UniMol,1753,1776,common_random,4.026257991790772,4.895429022915589
unimol,UniMol,571,1542,common_random,6.64785623550415,10.039366646379472
unimol,UniMol,1398,832,common_random,3.5649659633636475,7.079985023912434
unimol,UniMol,143,235,common_random,6.133756637573242,11.464285138369302
unimol,UniMol,1046,1061,common_random,4.213956832885742,2.75447596623554
unimol,UniMol,441,556,common_random,5.120418071746826,13.260891481937795
unimol,UniMol,1491,1760,common_random,3.419519424438477,2.276142741119665
unimol,UniMol,1612,1615,common_random,3.203237771987915,2.3038280868632546
unimol,UniMol,1237,1719,common_random,3.2455718517303467,2.554929182954764
unimol,UniMol,480,229,common_random,2.537237882614136,2.858613130197737
unimol,UniMol,274,1035,common_random,7.489144802093506,14.938554810686773
unimol,UniMol,1786,572,common_random,6.178989410400391,10.503096546791262
unimol,UniMol,1061,1813,common_random,2.2853593826293945,1.373532520777704
unimol,UniMol,281,1676,common_random,8.143260955810547,10.0750673326484
unimol,UniMol,1710,184,common_random,7.838057041168213,21.54979377825445
unimol,UniMol,1156,449,common_random,10.472481727600098,24.848709853153192
unimol,UniMol,1130,936,common_random,2.180229425430298,1.920116201604612
unimol,UniMol,679,309,common_random,4.854055404663086,12.714335597279527
unimol,UniMol,2019,918,common_random,8.680712699890137,18.30875387056067
unimol,UniMol,527,746,common_random,4.695952892303467,14.53416034580001
unimol,UniMol,525,1450,common_random,6.980805397033691,9.368200066432957
unimol,UniMol,433,1314,common_random,10.875638008117676,27.9315938826559
unimol,UniMol,1299,1752,common_random,2.85884690284729,3.724234276578812
unimol,UniMol,433,1495,common_random,11.522431373596191,28.75058423123308
unimol,UniMol,1146,1631,common_random,2.6504123210906982,1.154902889834685
unimol,UniMol,671,1395,common_random,9.21323585510254,18.523473587111923
unimol,UniMol,1840,1481,common_random,2.721428394317627,1.2447798818842744
unimol,UniMol,3,1532,common_random,11.246246337890623,32.5776355366373
unimol,UniMol,1725,1583,common_random,1.943481206893921,1.9605400523266885
unimol,UniMol,1491,558,common_random,7.462934494018555,7.074207155306816
unimol,UniMol,1187,994,common_random,3.4519433975219727,2.2820344460624624
unimol,UniMol,47,131,common_random,2.253674268722534,8.514073109353165
unimol,UniMol,1640,1203,common_random,2.9827089309692383,1.4479124331230304
unimol,UniMol,544,1060,common_random,7.591272830963135,11.018937403394808
unimol,UniMol,968,1231,common_random,2.491114854812622,1.83060006306022
unimol,UniMol,1583,1307,common_random,3.126619338989258,2.4185370264184445
unimol,UniMol,1460,1592,common_random,5.074524402618408,6.630560588004624
unimol,UniMol,543,186,common_random,6.885317802429199,17.22541577718041
unimol,UniMol,863,1825,common_random,3.182539224624634,2.5680251472446387
unimol,UniMol,1785,180,common_random,6.694888591766357,9.851789243350243
unimol,UniMol,134,452,common_random,7.390726089477539,25.012149516998715
unimol,UniMol,1303,1469,common_random,3.444704294204712,1.7309628387358826
unimol,UniMol,1210,887,common_random,2.656103610992432,1.6337188180848727
unimol,UniMol,1058,322,common_random,6.998016357421875,3.4052897269421987
unimol,UniMol,265,558,common_random,3.1335561275482178,1.8353534098993864
unimol,UniMol,1210,181,common_random,10.386553764343262,29.39554859802026
unimol,UniMol,1046,1168,common_random,2.969671726226806,1.7366070003779848
unimol,UniMol,1617,290,common_random,5.8106231689453125,8.177318888778077
unimol,UniMol,1476,1836,common_random,2.7185511589050293,1.9334473110077368
unimol,UniMol,430,153,common_random,3.384803056716919,11.297284491046996
unimol,UniMol,1822,553,common_random,7.886728763580322,17.74275438229842
unimol,UniMol,1718,1033,common_random,2.665661573410034,1.669386664555162
unimol,UniMol,1152,1632,common_random,2.17551064491272,2.179854726356304
unimol,UniMol,2000,170,common_random,4.122613906860352,3.3937174366562424
unimol,UniMol,430,72,common_random,2.879615068435669,4.983127946785833
unimol,UniMol,1488,393,common_random,7.991382122039795,12.246267294265156
unimol,UniMol,1209,1618,common_random,3.3835256099700928,4.385636787715819
unimol,UniMol,43,1676,common_random,8.925518035888672,15.529928088564168
unimol,UniMol,36,1055,common_random,10.676641464233398,27.14752211690889
unimol,UniMol,1612,1806,common_random,2.719231128692627,2.6620574505021923
unimol,UniMol,1317,1502,common_random,2.544124126434326,2.594953841210301
unimol,UniMol,150,1464,common_random,7.137254238128662,7.679504500254247
unimol,UniMol,1497,1846,common_random,3.1501944065093994,0.8287195411535312
unimol,UniMol,1629,421,common_random,5.512232780456543,4.914696717645675
unimol,UniMol,1039,530,common_random,9.909327507019045,24.009656492215136
unimol,UniMol,1258,1392,common_random,2.890390634536743,5.68429113068649
unimol,UniMol,479,1615,common_random,8.31730842590332,19.4662785848586
unimol,UniMol,557,138,common_random,6.364542484283447,17.402923311540498
unimol,UniMol,1348,684,common_random,8.800171852111816,25.73859300329805
unimol,UniMol,1328,134,common_random,8.559617042541504,11.454449451147388
unimol,UniMol,1160,364,common_random,4.353734016418457,1.400824134320536
unimol,UniMol,422,1726,common_random,9.003814697265625,14.364839104737614
unimol,UniMol,917,542,common_random,6.08106803894043,11.230404400893883
unimol,UniMol,177,1312,common_random,7.256953239440918,5.255483291709891
unimol,UniMol,1469,1641,common_random,2.366461992263794,1.1579892987592464
unimol,UniMol,1738,712,common_random,9.928521156311035,23.80849391793856
unimol,UniMol,1413,545,common_random,10.572031021118164,29.115699308920437
unimol,UniMol,428,1309,common_random,6.232532978057861,7.15861181760947
unimol,UniMol,307,1835,common_random,7.714093685150146,14.158582174529416
unimol,UniMol,1616,1464,common_random,2.541416883468628,4.800196839147267
unimol,UniMol,1740,248,common_random,7.426682472229004,6.934232662135611
unimol,UniMol,134,1642,common_random,9.206307411193848,12.58354658931158
unimol,UniMol,448,1478,common_random,8.180124282836914,13.324757559460323
unimol,UniMol,1384,1046,common_random,2.4304773807525635,1.4444454449330797
unimol,UniMol,903,1532,common_random,2.3661608695983887,4.849876190720793
unimol,UniMol,1903,1397,common_random,6.795795440673828,5.361237915713459
unimol,UniMol,590,667,common_random,2.645834922790528,2.865599718282439
unimol,UniMol,1407,452,common_random,12.170672416687012,37.85156366190847
unimol,UniMol,1742,1741,common_random,2.2388899326324463,1.286606371826942
unimol,UniMol,490,469,common_random,6.620772361755371,12.31841379549934
unimol,UniMol,116,1198,common_random,11.327116012573242,30.5347896812484
unimol,UniMol,1421,963,common_random,6.342467308044434,8.994995890202846
unimol,UniMol,220,1448,common_random,5.83783483505249,4.7461693586214375
unimol,UniMol,895,400,common_random,7.815266132354736,6.299867359092017
unimol,UniMol,1326,1810,common_random,3.1532490253448486,1.29015943688436
unimol,UniMol,950,393,common_random,7.748322486877441,10.62421624874177
unimol,UniMol,233,1225,common_random,7.71994161605835,10.433593161709716
unimol,UniMol,1341,1048,common_random,3.085216522216797,2.269181691299889
unimol,UniMol,352,1108,common_random,9.764925956726074,20.49741211459841
unimol,UniMol,545,890,common_random,11.506185531616213,29.64109789491673
unimol,UniMol,1497,1629,common_random,2.433494329452514,1.9144436520425527
unimol,UniMol,982,322,common_random,7.816113948822021,2.12205170326674
unimol,UniMol,1221,963,common_random,3.686668634414673,0.817535425730167
unimol,UniMol,1686,1199,common_random,3.1679816246032715,3.152530223936542
unimol,UniMol,1144,433,common_random,9.967467308044434,24.89042211256967
unimol,UniMol,1716,539,common_random,10.09979248046875,19.019517435833325
unimol,UniMol,1703,1052,common_random,4.18186616897583,4.918858265561482
unimol,UniMol,39,213,common_random,5.275207996368408,7.390327340676216
unimol,UniMol,1730,534,common_random,8.451532363891602,12.894967888956346
unimol,UniMol,129,585,common_random,3.1499478816986084,6.370612392821822
unimol,UniMol,308,1291,common_random,5.634398937225342,4.592667748807589
unimol,UniMol,1446,676,common_random,9.364039421081545,21.764907872546495
unimol,UniMol,1996,1306,common_random,8.316596031188965,26.091327348367336
unimol,UniMol,111,678,common_random,3.763970375061035,14.851566157790376
unimol,UniMol,923,564,common_random,7.15629243850708,13.591745289316586
unimol,UniMol,1482,1562,common_random,2.716660737991333,2.5873697453574143
unimol,UniMol,1546,1614,common_random,2.7191994190216064,1.0239213423369815
unimol,UniMol,237,306,common_random,8.901782989501953,18.581250761349096
unimol,UniMol,833,1489,common_random,3.95224928855896,4.378096139069974
unimol,UniMol,496,1469,common_random,9.942975997924805,20.422915150576088
unimol,UniMol,1111,1827,common_random,2.857846975326538,2.490930794671212
unimol,UniMol,1542,558,common_random,7.2969794273376465,5.814023770986004
unimol,UniMol,1739,1396,common_random,3.2486085891723637,3.688316651769043
unimol,UniMol,1545,1785,common_random,2.207573890686035,0.8545813367537184
unimol,UniMol,820,1188,common_random,2.5604705810546875,2.399748839289097
unimol,UniMol,1896,1157,common_random,2.2886531352996826,3.710828561146895
unimol,UniMol,1160,832,common_random,4.683192729949951,2.786334158704812
unimol,UniMol,448,1398,common_random,8.73090648651123,14.61613820904936
unimol,UniMol,1840,1642,common_random,2.986711025238037,1.4686540987451184
unimol,UniMol,140,1231,common_random,7.833476543426514,12.681559127029384
unimol,UniMol,1119,72,common_random,7.8224592208862305,14.704746121566464
unimol,UniMol,1695,1304,common_random,3.661191701889038,4.0998947505190255
unimol,UniMol,1658,1590,common_random,3.490397453308105,3.105582466591872
unimol,UniMol,498,1140,common_random,7.929966926574707,6.074950936376116
unimol,UniMol,298,981,common_random,9.531420707702637,23.758740354098684
unimol,UniMol,574,128,common_random,4.086819171905518,1.4333877555033925
unimol,UniMol,363,1645,common_random,7.088000297546387,9.682446486212536
unimol,UniMol,1636,1400,common_random,3.0039830207824707,1.723851645033684
unimol,UniMol,452,556,common_random,7.944742679595947,27.738241625544088
unimol,UniMol,1258,47,common_random,6.463882446289063,12.884439515397789
unimol,UniMol,893,387,common_random,7.591190814971924,10.458343448320246
unimol,UniMol,1090,536,common_random,8.330657005310059,20.88450206706384
unimol,UniMol,234,399,common_random,8.319838523864746,26.461725363745963
unimol,UniMol,671,1318,common_random,9.681220054626465,19.49460032738091
unimol,UniMol,926,1208,common_random,2.9102015495300293,1.9151714451385515
unimol,UniMol,1175,1229,common_random,3.246237277984619,3.9116900223094033
unimol,UniMol,1833,281,common_random,7.820913314819336,12.065627728988629
unimol,UniMol,1718,1170,common_random,3.70163369178772,3.154523742679212
unimol,UniMol,1476,1138,common_random,2.3660688400268555,1.0752928748887332
unimol,UniMol,849,346,common_random,7.488699436187744,16.880797550948614
unimol,UniMol,1090,1502,common_random,3.2845709323883057,4.3167690665842855
unimol,UniMol,970,1734,common_random,3.5998899936676025,1.4954525124983191
unimol,UniMol,1828,1441,common_random,3.154990673065185,3.706942641856032
unimol,UniMol,546,115,common_random,9.276384353637695,44.61601725427438
unimol,UniMol,1033,1393,common_random,3.181629180908203,2.192459872005204
unimol,UniMol,877,910,common_random,4.31847095489502,5.986184019079189
unimol,UniMol,1718,527,common_random,7.251733779907227,6.947460868312483
unimol,UniMol,1212,649,common_random,9.410351753234863,24.653182967516088
unimol,UniMol,3,1839,common_random,12.249146461486816,34.55369088219878
unimol,UniMol,663,0,common_random,3.140275478363037,2.1924102435104538
unimol,UniMol,632,679,common_random,6.992498397827148,15.33915778603507
unimol,UniMol,1573,544,common_random,7.102441310882568,10.61057908558704
unimol,UniMol,1054,390,common_random,7.047843933105469,8.240222487191767
unimol,UniMol,1047,545,common_random,9.90062427520752,26.782715421063937
unimol,UniMol,1714,1315,common_random,3.4233922958374023,5.098825262142729
unimol,UniMol,1057,654,common_random,9.491381645202637,18.68219182682215
unimol,UniMol,1788,472,common_random,5.652495384216309,2.870135072509856
unimol,UniMol,1184,1447,common_random,1.787473440170288,1.2817000833248051
unimol,UniMol,1319,907,common_random,3.9635629653930655,1.976534479447278
unimol,UniMol,893,2000,common_random,8.296507835388184,6.714861845550398
unimol,UniMol,1601,1158,common_random,4.868629455566406,5.97139259258334
unimol,UniMol,404,1614,common_random,5.51879358291626,10.60073933192096
unimol,UniMol,251,331,common_random,3.799142360687256,6.457708269726468
unimol,UniMol,678,1454,common_random,8.369370460510254,7.401408040379064
unimol,UniMol,1931,944,common_random,6.552150726318359,7.50634612320624
unimol,UniMol,1421,1227,common_random,6.595793724060059,10.612556868799809
unimol,UniMol,1618,175,common_random,9.723495483398438,25.764202859696997
unimol,UniMol,1841,271,common_random,5.195324420928955,2.8355862880962284
unimol,UniMol,874,1764,common_random,3.1978096961975098,2.985055242071981
unimol,UniMol,1696,678,common_random,7.829935550689697,4.627810514732197
unimol,UniMol,1647,712,common_random,9.126595497131348,21.253728067143708
unimol,UniMol,1110,498,common_random,7.049442291259766,4.012666570690202
unimol,UniMol,1793,1495,common_random,4.025963306427002,4.817083353013265
unimol,UniMol,1986,152,common_random,3.5220401287078857,3.821813776420642
unimol,UniMol,1603,150,common_random,5.731078624725342,4.653382192381349
unimol,UniMol,1719,1392,common_random,2.7727982997894287,1.955487356980383
unimol,UniMol,206,746,common_random,5.148810386657715,15.29816617906658
unimol,UniMol,1208,249,common_random,11.252280235290527,29.26479166606249
unimol,UniMol,1118,308,common_random,5.676867961883545,3.835370320561255
unimol,UniMol,1480,1787,common_random,3.2259488105773926,2.7070453292530705
unimol,UniMol,1581,1723,common_random,2.812960386276245,3.3001105577504006
unimol,UniMol,1587,1632,common_random,2.161853551864624,2.3767951177254907
unimol,UniMol,540,1631,common_random,8.14979362487793,14.792478929867196
unimol,UniMol,383,1035,common_random,6.19678258895874,1.429477938590622
unimol,UniMol,532,287,common_random,7.034560680389404,18.511119218964613
unimol,UniMol,860,1898,common_random,6.463765621185303,9.153318156809195
unimol,UniMol,1124,357,common_random,8.237760543823242,17.822171931224126
unimol,UniMol,1608,883,common_random,3.755396604537964,6.869401672544639
unimol,UniMol,1732,331,common_random,7.243729591369629,5.032515741472406
unimol,UniMol,254,1579,common_random,7.598750591278076,13.627649596737346
unimol,UniMol,2015,1722,common_random,8.54277515411377,21.408883698634398
unimol,UniMol,1573,1675,common_random,2.942668199539185,1.0576026595640386
unimol,UniMol,933,355,common_random,7.574126720428467,12.258444767932923
unimol,UniMol,1758,271,common_random,6.6531195640563965,4.041391533838249
unimol,UniMol,1238,490,common_random,8.80854606628418,15.513447821435044
unimol,UniMol,444,1690,common_random,4.926136016845703,2.7765256515155867
unimol,UniMol,1111,1810,common_random,2.852836847305298,1.1382201230333855
unimol,UniMol,426,1416,common_random,5.03216028213501,2.8596046230012413
unimol,UniMol,953,47,common_random,8.05317497253418,17.888385341585384
unimol,UniMol,1020,1048,common_random,3.199485540390014,1.3868784752099317
unimol,UniMol,671,259,common_random,6.619404315948486,15.32197524263156
unimol,UniMol,1864,1215,common_random,5.070019245147705,8.699615851587689
unimol,UniMol,1702,483,common_random,5.475086688995361,5.819470177981522
unimol,UniMol,1402,1563,common_random,2.225665807723999,1.8206780712024029
unimol,UniMol,1754,1615,common_random,3.308569431304932,5.03725880667372
unimol,UniMol,1468,1841,common_random,3.0835349559783936,2.04146748376977
unimol,UniMol,600,1229,common_random,6.9038920402526855,14.36712493536381
unimol,UniMol,1610,394,common_random,5.7509379386901855,1.8391846288520977
unimol,UniMol,274,1733,common_random,8.194562911987305,14.393923111435774
unimol,UniMol,849,295,common_random,6.682079792022705,11.337884248415593
unimol,UniMol,1841,1241,common_random,4.210648059844971,2.3765810943420176
unimol,UniMol,1862,559,common_random,5.71171760559082,8.61346367368716
unimol,UniMol,308,322,common_random,4.599386215209961,2.4812113927404944
unimol,UniMol,676,1655,common_random,8.953817367553711,22.78238963535521
unimol,UniMol,1639,1493,common_random,3.775368213653565,2.751752055540285
unimol,UniMol,893,1786,common_random,3.3486852645874023,1.7372720008698928
unimol,UniMol,367,1454,common_random,5.3743085861206055,4.079655834443033
unimol,UniMol,1130,39,common_random,6.656920909881592,9.46332889751008
unimol,UniMol,1958,565,common_random,3.423267126083374,1.223642197547005
unimol,UniMol,1056,679,common_random,8.916572570800781,18.724914303469674
unimol,UniMol,524,1736,common_random,9.732580184936523,17.98799412679981
unimol,UniMol,1563,1081,common_random,2.9600350856781006,6.070161555601704
unimol,UniMol,502,1179,common_random,5.627074718475342,6.274081355585792
unimol,UniMol,558,956,common_random,7.518421649932861,7.419350762463663
unimol,UniMol,1398,482,common_random,9.643868446350098,16.419344503998516
unimol,UniMol,1126,1846,common_random,3.784271717071533,1.9758036749491448
unimol,UniMol,1039,40,common_random,9.344121932983398,19.89508764278968
unimol,UniMol,692,908,common_random,7.100417137145996,16.574775478022836
unimol,UniMol,1728,1409,common_random,1.7870805263519287,1.990034687881159
unimol,UniMol,1965,1413,common_random,6.400651454925537,13.44294517463291
unimol,UniMol,1078,1849,common_random,3.95882511138916,5.872989411921116
unimol,UniMol,1081,294,common_random,7.014809608459473,8.106772992900629
unimol,UniMol,1416,873,common_random,4.753890037536621,1.7360210202374764
unimol,UniMol,1620,1138,common_random,2.6152803897857666,3.206629800749956
unimol,UniMol,1847,281,common_random,8.466923713684082,11.75732198437143
unimol,UniMol,1185,1802,common_random,2.187293291091919,2.152011169787895
unimol,UniMol,1817,1128,common_random,2.638627529144287,1.5442957768384926
unimol,UniMol,1056,1900,common_random,4.596550941467285,7.527079516471844
unimol,UniMol,1682,883,common_random,6.089978694915772,14.28512190201283
unimol,UniMol,1484,959,common_random,2.3808391094207764,1.0864915821183223
unimol,UniMol,979,665,common_random,9.960190773010254,19.79174248566537
unimol,UniMol,109,1156,common_random,12.984771728515623,45.82775099412916
unimol,UniMol,415,1909,common_random,4.022296905517578,11.021143198489334
unimol,UniMol,1633,364,common_random,7.423605918884277,5.833319227602586
unimol,UniMol,348,1797,common_random,7.477889060974121,12.201608828371024
unimol,UniMol,1849,943,common_random,3.4051129817962646,1.3139042523088766
unimol,UniMol,1909,1852,common_random,5.905929088592529,6.109283370598422
unimol,UniMol,1829,1553,common_random,3.1783950328826904,1.246212806108582
unimol,UniMol,1823,1835,common_random,2.1219136714935303,2.2219696986864435
unimol,UniMol,318,1620,common_random,7.662739276885986,10.944891896642588
unimol,UniMol,617,703,common_random,4.507082462310791,13.60979209817299
unimol,UniMol,1583,1786,common_random,3.7222492694854736,2.2353868268429418
unimol,UniMol,1188,1764,common_random,4.00194263458252,2.705850888253826
unimol,UniMol,1108,1916,common_random,6.663687705993652,7.41372618997733
unimol,UniMol,1902,1487,common_random,6.415472984313965,6.887160346201365
unimol,UniMol,1239,490,common_random,8.321111679077148,15.73893631077788
unimol,UniMol,387,298,common_random,7.281747341156006,15.936532031403065
unimol,UniMol,1835,1261,common_random,2.724615812301636,2.7011112601344776
unimol,UniMol,1314,1846,common_random,3.37512469291687,1.4101599189061846
unimol,UniMol,1052,1599,common_random,4.329422950744629,3.116586406995724
unimol,UniMol,201,780,common_random,3.385891914367676,2.434264051554599
unimol,UniMol,1827,1787,common_random,2.4203970432281494,4.253372982950528
unimol,UniMol,937,1502,common_random,3.730858564376831,2.783029357387784
unimol,UniMol,486,1463,common_random,9.362027168273926,23.26292511630806
unimol,UniMol,1556,134,common_random,8.019721031188965,10.941066102028568
unimol,UniMol,503,201,common_random,2.0458521842956543,6.154577957119449
unimol,UniMol,957,1201,common_random,3.4811956882476807,2.0475396459339743
unimol,UniMol,1229,1472,common_random,4.184548377990723,4.27727642145378
unimol,UniMol,422,1047,common_random,7.381567001342773,10.74601998352697
unimol,UniMol,276,1703,common_random,6.217691898345947,10.965897374407524
unimol,UniMol,936,1468,common_random,3.261183738708496,2.1377871389744434
unimol,UniMol,1496,1608,common_random,4.140170097351074,6.950353446734859
unimol,UniMol,1819,1743,common_random,2.6742148399353027,2.716870603858791
unimol,UniMol,1133,1618,common_random,2.4933438301086426,2.7354308612305824
unimol,UniMol,1850,1702,common_random,4.320282459259033,3.6984769486996
unimol,UniMol,475,1585,common_random,7.907354354858398,13.03846936421625
unimol,UniMol,113,109,common_random,8.502345085144043,33.18744231669875
unimol,UniMol,1945,1663,common_random,7.610456943511963,8.571306857387844
unimol,UniMol,1035,1307,common_random,1.8542044162750244,1.1713428788239573
unimol,UniMol,1211,1170,common_random,3.664916515350342,4.859323462116594
unimol,UniMol,498,1631,common_random,7.594667434692383,6.025749975647687
unimol,UniMol,1057,1624,common_random,2.8686344623565674,2.110767071137112
unimol,UniMol,267,47,common_random,4.628007888793945,12.308053710155564
unimol,UniMol,96,671,common_random,3.621182203292847,7.247958124583981
unimol,UniMol,926,415,common_random,7.304827690124512,15.02047915535309
unimol,UniMol,875,1750,common_random,3.148940324783325,2.862769600846782
unimol,UniMol,1239,1049,common_random,3.010498523712158,2.5005449891900158
unimol,UniMol,215,1743,common_random,6.975315093994141,4.632237389999031
unimol,UniMol,641,503,common_random,3.1966264247894287,2.4803640411982166
unimol,UniMol,1185,1406,common_random,3.15344500541687,2.9399423567573577
unimol,UniMol,1687,119,common_random,6.581629753112793,11.538268346188849
unimol,UniMol,875,1210,common_random,2.73477554321289,1.7277427736970674
unimol,UniMol,635,1188,common_random,5.569234371185303,5.0838491721084536
unimol,UniMol,1047,129,common_random,7.625890254974365,16.439984113687334
unimol,UniMol,1183,1625,common_random,2.9082751274108887,2.157458789751193
unimol,UniMol,1113,1323,common_random,2.878401279449463,1.7070673373385945
unimol,UniMol,1472,1802,common_random,2.9807074069976807,1.4666942855478275
unimol,UniMol,1810,1743,common_random,3.321021556854248,3.634616800901437
unimol,UniMol,1585,508,common_random,10.016172409057615,16.437567175046095
unimol,UniMol,1153,1588,common_random,1.429312229156494,1.4469513282895758
unimol,UniMol,872,72,common_random,7.341565608978271,15.473689402933514
unimol,UniMol,1657,1230,common_random,4.353825569152832,4.834764570541717
unimol,UniMol,1722,1242,common_random,2.537824869155884,1.6703889898914428
unimol,UniMol,1892,1195,common_random,6.623852729797363,6.661083457839487
unimol,UniMol,1703,1348,common_random,3.0051541328430176,3.284258232357351
unimol,UniMol,46,1739,common_random,8.486576080322266,18.255219240209048
unimol,UniMol,1468,427,common_random,7.269686222076416,8.690285344693635
unimol,UniMol,1330,292,common_random,8.630844116210938,13.027179215258473
unimol,UniMol,1582,1818,common_random,3.368201971054077,1.8871538465313928
unimol,UniMol,1232,1602,common_random,2.7935433387756348,3.610324252734645
unimol,UniMol,1187,1902,common_random,5.604161739349365,3.913596904113037
unimol,UniMol,1442,848,common_random,2.402559280395508,1.336687606438444
unimol,UniMol,553,1048,common_random,7.077229022979736,15.633806000641597
unimol,UniMol,328,1042,common_random,6.915017127990723,12.83022351298559
unimol,UniMol,1575,449,common_random,9.643035888671877,23.69387195840572
